"RecipientName","Year","Commitments","Disbursements","RecipientISO","Date Posted","Language 1","Language 2","date_posted","NAP_Year","NAP"
"Afghanistan",2010,59.470952,26.886675,"AFG",NA,NA,NA,NA,0,0
"Afghanistan",2011,129.251862,86.773092,"AFG",NA,NA,NA,NA,0,0
"Afghanistan",2012,157.054749,74.953061,"AFG",NA,NA,NA,NA,0,0
"Afghanistan",2013,88.86002,98.268595,"AFG",NA,NA,NA,NA,0,0
"Afghanistan",2014,101.227884,98.041993,"AFG",NA,NA,NA,NA,0,0
"Afghanistan",2015,148.48239,187.576183,"AFG",NA,NA,NA,NA,0,0
"Afghanistan",2016,312.292654,252.364976,"AFG",NA,NA,NA,NA,0,0
"Afghanistan",2017,197.797545,229.742853,"AFG",NA,NA,NA,NA,0,0
"Afghanistan",2018,224.086096,167.522105,"AFG",NA,NA,NA,NA,0,0
"Afghanistan",2019,59.330729,142.550736,"AFG",NA,NA,NA,NA,0,0
"Afghanistan",2020,149.77025,170.29921,"AFG",NA,NA,NA,NA,0,0
"Afghanistan",2021,170.615641,156.748391,"AFG",NA,NA,NA,NA,0,0
"Afghanistan",2022,234.471305,184.890392,"AFG",NA,NA,NA,NA,0,0
"Afghanistan",2023,288.3056,194.322378,"AFG",NA,NA,NA,NA,0,0
"Afghanistan",2024,221.583093,133.111008,"AFG",NA,NA,NA,NA,0,0
"Albania",2010,124.139455,2.304314,"ALB","October 27, 2021","English","",2021-10-27,2021,0
"Albania",2011,27.367693,21.760298,"ALB","October 27, 2021","English","",2021-10-27,2021,0
"Albania",2012,44.342758,9.169278,"ALB","October 27, 2021","English","",2021-10-27,2021,0
"Albania",2013,96.338797,29.441459,"ALB","October 27, 2021","English","",2021-10-27,2021,0
"Albania",2014,24.515619,37.145117,"ALB","October 27, 2021","English","",2021-10-27,2021,0
"Albania",2015,128.031119,78.045871,"ALB","October 27, 2021","English","",2021-10-27,2021,0
"Albania",2016,96.777677,55.35765,"ALB","October 27, 2021","English","",2021-10-27,2021,0
"Albania",2017,79.04619,29.701719,"ALB","October 27, 2021","English","",2021-10-27,2021,0
"Albania",2018,54.378019,61.990499,"ALB","October 27, 2021","English","",2021-10-27,2021,0
"Albania",2019,155.609913,62.456976,"ALB","October 27, 2021","English","",2021-10-27,2021,0
"Albania",2020,183.393384,93.783336,"ALB","October 27, 2021","English","",2021-10-27,2021,0
"Albania",2021,220.609272,218.146618,"ALB","October 27, 2021","English","",2021-10-27,2021,1
"Albania",2022,198.478921,168.16417,"ALB","October 27, 2021","English","",2021-10-27,2021,1
"Albania",2023,84.095542,69.411913,"ALB","October 27, 2021","English","",2021-10-27,2021,1
"Albania",2024,207.628625,181.592416,"ALB","October 27, 2021","English","",2021-10-27,2021,1
"Algeria",2010,4.059425,8.583376,"DZA",NA,NA,NA,NA,0,0
"Algeria",2011,9.932109,18.692154,"DZA",NA,NA,NA,NA,0,0
"Algeria",2012,69.50603,2.55788,"DZA",NA,NA,NA,NA,0,0
"Algeria",2013,6.316814,10.905783,"DZA",NA,NA,NA,NA,0,0
"Algeria",2014,8.672959,6.916773,"DZA",NA,NA,NA,NA,0,0
"Algeria",2015,28.116382,8.026396,"DZA",NA,NA,NA,NA,0,0
"Algeria",2016,22.97755,16.776486,"DZA",NA,NA,NA,NA,0,0
"Algeria",2017,30.075653,25.979692,"DZA",NA,NA,NA,NA,0,0
"Algeria",2018,53.905442,17.188523,"DZA",NA,NA,NA,NA,0,0
"Algeria",2019,26.070141,28.597589,"DZA",NA,NA,NA,NA,0,0
"Algeria",2020,38.382317,19.323914,"DZA",NA,NA,NA,NA,0,0
"Algeria",2021,9.864482,17.725286,"DZA",NA,NA,NA,NA,0,0
"Algeria",2022,37.466167,17.845514,"DZA",NA,NA,NA,NA,0,0
"Algeria",2023,31.11311,16.773665,"DZA",NA,NA,NA,NA,0,0
"Algeria",2024,35.470111,15.276754,"DZA",NA,NA,NA,NA,0,0
"Angola",2010,1.898912,1.47919,"AGO",NA,NA,NA,NA,0,0
"Angola",2011,0.278634,2.681926,"AGO",NA,NA,NA,NA,0,0
"Angola",2012,3.916923,3.252765,"AGO",NA,NA,NA,NA,0,0
"Angola",2013,11.33746,5.321873,"AGO",NA,NA,NA,NA,0,0
"Angola",2014,9.425191,5.055763,"AGO",NA,NA,NA,NA,0,0
"Angola",2015,9.0711,3.901671,"AGO",NA,NA,NA,NA,0,0
"Angola",2016,3.343936,10.837068,"AGO",NA,NA,NA,NA,0,0
"Angola",2017,131.272853,3.076539,"AGO",NA,NA,NA,NA,0,0
"Angola",2018,2.600093,3.123192,"AGO",NA,NA,NA,NA,0,0
"Angola",2019,51.545351,3.202255,"AGO",NA,NA,NA,NA,0,0
"Angola",2020,55.230379,7.140163,"AGO",NA,NA,NA,NA,0,0
"Angola",2021,10.132805,11.43125,"AGO",NA,NA,NA,NA,0,0
"Angola",2022,53.668381,48.977373,"AGO",NA,NA,NA,NA,0,0
"Angola",2023,82.73494,42.505121,"AGO",NA,NA,NA,NA,0,0
"Angola",2024,76.620168,39.678729,"AGO",NA,NA,NA,NA,0,0
"Antigua and Barbuda",2011,0.488779,0.477125,"ATG",NA,NA,NA,NA,0,0
"Antigua and Barbuda",2013,5.519886,0.282976,"ATG",NA,NA,NA,NA,0,0
"Antigua and Barbuda",2014,0,0.25373,"ATG",NA,NA,NA,NA,0,0
"Antigua and Barbuda",2015,7.787792,0,"ATG",NA,NA,NA,NA,0,0
"Antigua and Barbuda",2016,1.126246,1.335636,"ATG",NA,NA,NA,NA,0,0
"Antigua and Barbuda",2017,32.821226,2.723563,"ATG",NA,NA,NA,NA,0,0
"Antigua and Barbuda",2018,10.217856,6.890162,"ATG",NA,NA,NA,NA,0,0
"Antigua and Barbuda",2019,0.766796,16.800597,"ATG",NA,NA,NA,NA,0,0
"Antigua and Barbuda",2020,2.098567,4.10062,"ATG",NA,NA,NA,NA,0,0
"Antigua and Barbuda",2021,0.19322,3.998671,"ATG",NA,NA,NA,NA,0,0
"Argentina",2010,6.282429,2.937194,"ARG","November 23, 2023","English","Spanish",2023-11-23,2023,0
"Argentina",2011,2.934795,5.382375,"ARG","November 23, 2023","English","Spanish",2023-11-23,2023,0
"Argentina",2012,2.962179,5.565915,"ARG","November 23, 2023","English","Spanish",2023-11-23,2023,0
"Argentina",2013,5.528797,4.834463,"ARG","November 23, 2023","English","Spanish",2023-11-23,2023,0
"Argentina",2014,1.740771,3.618692,"ARG","November 23, 2023","English","Spanish",2023-11-23,2023,0
"Argentina",2015,32.663475,3.024467,"ARG","November 23, 2023","English","Spanish",2023-11-23,2023,0
"Argentina",2016,37.119925,7.015651,"ARG","November 23, 2023","English","Spanish",2023-11-23,2023,0
"Argentina",2017,73.040915,3.252246,"ARG","November 23, 2023","English","Spanish",2023-11-23,2023,0
"Argentina",2018,4.12143,5.510536,"ARG","November 23, 2023","English","Spanish",2023-11-23,2023,0
"Argentina",2019,522.613537,6.835605,"ARG","November 23, 2023","English","Spanish",2023-11-23,2023,0
"Argentina",2020,6.470843,11.194998,"ARG","November 23, 2023","English","Spanish",2023-11-23,2023,0
"Argentina",2021,6.708332,15.456543,"ARG","November 23, 2023","English","Spanish",2023-11-23,2023,0
"Argentina",2022,7.156849,15.474324,"ARG","November 23, 2023","English","Spanish",2023-11-23,2023,0
"Argentina",2023,135.287964,21.714849,"ARG","November 23, 2023","English","Spanish",2023-11-23,2023,1
"Argentina",2024,28.066345,9.60297,"ARG","November 23, 2023","English","Spanish",2023-11-23,2023,1
"Armenia",2010,3.70692,1.663302,"ARM","September 24, 2021","English","",2021-09-24,2021,0
"Armenia",2011,10.032459,10.169233,"ARM","September 24, 2021","English","",2021-09-24,2021,0
"Armenia",2012,9.473277,6.066421,"ARM","September 24, 2021","English","",2021-09-24,2021,0
"Armenia",2013,51.283872,6.532281,"ARM","September 24, 2021","English","",2021-09-24,2021,0
"Armenia",2014,214.137137,5.664271,"ARM","September 24, 2021","English","",2021-09-24,2021,0
"Armenia",2015,125.392575,12.264788,"ARM","September 24, 2021","English","",2021-09-24,2021,0
"Armenia",2016,97.487722,35.433992,"ARM","September 24, 2021","English","",2021-09-24,2021,0
"Armenia",2017,35.70469,43.496572,"ARM","September 24, 2021","English","",2021-09-24,2021,0
"Armenia",2018,33.103888,78.268241,"ARM","September 24, 2021","English","",2021-09-24,2021,0
"Armenia",2019,85.144181,74.363071,"ARM","September 24, 2021","English","",2021-09-24,2021,0
"Armenia",2020,10.19053,30.381417,"ARM","September 24, 2021","English","",2021-09-24,2021,0
"Armenia",2021,14.908211,42.145824,"ARM","September 24, 2021","English","",2021-09-24,2021,1
"Armenia",2022,156.935602,144.76502,"ARM","September 24, 2021","English","",2021-09-24,2021,1
"Armenia",2023,28.608752,50.266507,"ARM","September 24, 2021","English","",2021-09-24,2021,1
"Armenia",2024,141.905393,170.579475,"ARM","September 24, 2021","English","",2021-09-24,2021,1
"Azerbaijan",2010,31.524112,8.273268,"AZE","November 12, 2024","English","",2024-11-12,2024,0
"Azerbaijan",2011,4.146381,16.182197,"AZE","November 12, 2024","English","",2024-11-12,2024,0
"Azerbaijan",2012,47.231832,13.286903,"AZE","November 12, 2024","English","",2024-11-12,2024,0
"Azerbaijan",2013,8.197637,6.552247,"AZE","November 12, 2024","English","",2024-11-12,2024,0
"Azerbaijan",2014,4.745401,16.60862,"AZE","November 12, 2024","English","",2024-11-12,2024,0
"Azerbaijan",2015,18.776965,4.937541,"AZE","November 12, 2024","English","",2024-11-12,2024,0
"Azerbaijan",2016,7.55906,0.200715,"AZE","November 12, 2024","English","",2024-11-12,2024,0
"Azerbaijan",2017,29.844667,0.177795,"AZE","November 12, 2024","English","",2024-11-12,2024,0
"Azerbaijan",2018,2.178401,0.591858,"AZE","November 12, 2024","English","",2024-11-12,2024,0
"Azerbaijan",2019,0.031154,0.101419,"AZE","November 12, 2024","English","",2024-11-12,2024,0
"Azerbaijan",2020,5.087376,7.362063,"AZE","November 12, 2024","English","",2024-11-12,2024,0
"Azerbaijan",2021,17.249863,5.303092,"AZE","November 12, 2024","English","",2024-11-12,2024,0
"Azerbaijan",2022,17.372177,3.498856,"AZE","November 12, 2024","English","",2024-11-12,2024,0
"Azerbaijan",2023,5.327116,8.293501,"AZE","November 12, 2024","English","",2024-11-12,2024,0
"Azerbaijan",2024,26.839417,9.703755,"AZE","November 12, 2024","English","",2024-11-12,2024,1
"Bangladesh",2009,0,0,"BGD","March 23, 2023","English","",2023-03-23,2023,0
"Bangladesh",2010,106.996875,66.491634,"BGD","March 23, 2023","English","",2023-03-23,2023,0
"Bangladesh",2011,350.070449,148.285565,"BGD","March 23, 2023","English","",2023-03-23,2023,0
"Bangladesh",2012,265.475872,147.223054,"BGD","March 23, 2023","English","",2023-03-23,2023,0
"Bangladesh",2013,423.10948,381.195049,"BGD","March 23, 2023","English","",2023-03-23,2023,0
"Bangladesh",2014,119.749923,335.413367,"BGD","March 23, 2023","English","",2023-03-23,2023,0
"Bangladesh",2015,515.92114,274.909606,"BGD","March 23, 2023","English","",2023-03-23,2023,0
"Bangladesh",2016,571.768486,324.764484,"BGD","March 23, 2023","English","",2023-03-23,2023,0
"Bangladesh",2017,369.377053,468.545813,"BGD","March 23, 2023","English","",2023-03-23,2023,0
"Bangladesh",2018,413.109001,421.830736,"BGD","March 23, 2023","English","",2023-03-23,2023,0
"Bangladesh",2019,400.179099,566.720948,"BGD","March 23, 2023","English","",2023-03-23,2023,0
"Bangladesh",2020,1007.78137,457.033626,"BGD","March 23, 2023","English","",2023-03-23,2023,0
"Bangladesh",2021,1076.118201,622.008665,"BGD","March 23, 2023","English","",2023-03-23,2023,0
"Bangladesh",2022,704.533402,777.982874,"BGD","March 23, 2023","English","",2023-03-23,2023,0
"Bangladesh",2023,3836.698918,821.67241,"BGD","March 23, 2023","English","",2023-03-23,2023,1
"Bangladesh",2024,500.056991,814.815244,"BGD","March 23, 2023","English","",2023-03-23,2023,1
"Barbados",2010,0.029496,0.029496,"BRB",NA,NA,NA,NA,0,0
"Belarus",2010,0.593803,0.309627,"BLR",NA,NA,NA,NA,0,0
"Belarus",2011,6.077416,2.86387,"BLR",NA,NA,NA,NA,0,0
"Belarus",2012,0.019005,2.592964,"BLR",NA,NA,NA,NA,0,0
"Belarus",2013,1.193737,2.801599,"BLR",NA,NA,NA,NA,0,0
"Belarus",2014,0.554276,0.733719,"BLR",NA,NA,NA,NA,0,0
"Belarus",2015,19.831268,0.744004,"BLR",NA,NA,NA,NA,0,0
"Belarus",2016,0.262246,2.289926,"BLR",NA,NA,NA,NA,0,0
"Belarus",2017,2.395472,9.876593,"BLR",NA,NA,NA,NA,0,0
"Belarus",2018,1.690443,5.341801,"BLR",NA,NA,NA,NA,0,0
"Belarus",2019,0.114465,13.455695,"BLR",NA,NA,NA,NA,0,0
"Belarus",2020,17.881197,3.726308,"BLR",NA,NA,NA,NA,0,0
"Belarus",2021,0.097318,3.251561,"BLR",NA,NA,NA,NA,0,0
"Belarus",2022,0.815885,1.250983,"BLR",NA,NA,NA,NA,0,0
"Belarus",2023,0.663298,2.904696,"BLR",NA,NA,NA,NA,0,0
"Belarus",2024,4.37147,0.591696,"BLR",NA,NA,NA,NA,0,0
"Belize",2010,4.200461,0.012606,"BLZ",NA,NA,NA,NA,0,0
"Belize",2011,1.013294,0.94474,"BLZ",NA,NA,NA,NA,0,0
"Belize",2012,0.963198,1.71759,"BLZ",NA,NA,NA,NA,0,0
"Belize",2013,0.18031,0.76485,"BLZ",NA,NA,NA,NA,0,0
"Belize",2014,15.110603,3.674491,"BLZ",NA,NA,NA,NA,0,0
"Belize",2015,0.018537,0.198421,"BLZ",NA,NA,NA,NA,0,0
"Belize",2016,1.165857,4.664873,"BLZ",NA,NA,NA,NA,0,0
"Belize",2017,14.09135,0.462256,"BLZ",NA,NA,NA,NA,0,0
"Belize",2018,29.26178,1.743186,"BLZ",NA,NA,NA,NA,0,0
"Belize",2019,5.045045,2.956035,"BLZ",NA,NA,NA,NA,0,0
"Belize",2020,40.588582,1.747027,"BLZ",NA,NA,NA,NA,0,0
"Belize",2021,3.414175,9.557678,"BLZ",NA,NA,NA,NA,0,0
"Belize",2022,8.369761,1.336987,"BLZ",NA,NA,NA,NA,0,0
"Belize",2023,16.728134,5.612045,"BLZ",NA,NA,NA,NA,0,0
"Belize",2024,17.631126,2.466888,"BLZ",NA,NA,NA,NA,0,0
"Benin",2010,9.246082,13.380921,"BEN","July 8, 2022","French","",2022-07-08,2022,0
"Benin",2011,67.677675,21.980963,"BEN","July 8, 2022","French","",2022-07-08,2022,0
"Benin",2012,51.30165,30.601381,"BEN","July 8, 2022","French","",2022-07-08,2022,0
"Benin",2013,11.665388,56.58243,"BEN","July 8, 2022","French","",2022-07-08,2022,0
"Benin",2014,121.332474,66.308896,"BEN","July 8, 2022","French","",2022-07-08,2022,0
"Benin",2015,115.115559,43.271711,"BEN","July 8, 2022","French","",2022-07-08,2022,0
"Benin",2016,138.659204,71.228713,"BEN","July 8, 2022","French","",2022-07-08,2022,0
"Benin",2017,219.875286,86.680273,"BEN","July 8, 2022","French","",2022-07-08,2022,0
"Benin",2018,91.036819,85.441087,"BEN","July 8, 2022","French","",2022-07-08,2022,0
"Benin",2019,117.856932,77.370534,"BEN","July 8, 2022","French","",2022-07-08,2022,0
"Benin",2020,195.827872,147.571426,"BEN","July 8, 2022","French","",2022-07-08,2022,0
"Benin",2021,142.627071,110.294048,"BEN","July 8, 2022","French","",2022-07-08,2022,0
"Benin",2022,153.878454,149.010059,"BEN","July 8, 2022","French","",2022-07-08,2022,1
"Benin",2023,415.427372,172.063248,"BEN","July 8, 2022","French","",2022-07-08,2022,1
"Benin",2024,101.500689,220.868667,"BEN","July 8, 2022","French","",2022-07-08,2022,1
"Bhutan",2010,0,7.041618,"BTN","September 22, 2023","English","",2023-09-22,2023,0
"Bhutan",2011,13.791514,7.824685,"BTN","September 22, 2023","English","",2023-09-22,2023,0
"Bhutan",2012,2.752968,11.491586,"BTN","September 22, 2023","English","",2023-09-22,2023,0
"Bhutan",2013,21.591295,9.72933,"BTN","September 22, 2023","English","",2023-09-22,2023,0
"Bhutan",2014,3.141024,6.033068,"BTN","September 22, 2023","English","",2023-09-22,2023,0
"Bhutan",2015,37.284286,9.95079,"BTN","September 22, 2023","English","",2023-09-22,2023,0
"Bhutan",2016,58.942198,9.335086,"BTN","September 22, 2023","English","",2023-09-22,2023,0
"Bhutan",2017,40.222888,6.921514,"BTN","September 22, 2023","English","",2023-09-22,2023,0
"Bhutan",2018,0.663789,16.028275,"BTN","September 22, 2023","English","",2023-09-22,2023,0
"Bhutan",2019,20.868405,27.224941,"BTN","September 22, 2023","English","",2023-09-22,2023,0
"Bhutan",2020,24.957822,30.836751,"BTN","September 22, 2023","English","",2023-09-22,2023,0
"Bhutan",2021,46.851409,11.570751,"BTN","September 22, 2023","English","",2023-09-22,2023,0
"Bhutan",2022,64.829859,38.11005,"BTN","September 22, 2023","English","",2023-09-22,2023,0
"Bhutan",2023,27.317609,15.296111,"BTN","September 22, 2023","English","",2023-09-22,2023,1
"Bhutan",2024,19.996152,14.849794,"BTN","September 22, 2023","English","",2023-09-22,2023,1
"Bolivia",2010,161.974465,62.317908,"BOL",NA,NA,NA,NA,0,0
"Bolivia",2011,91.410998,102.233489,"BOL",NA,NA,NA,NA,0,0
"Bolivia",2012,83.161998,96.448975,"BOL",NA,NA,NA,NA,0,0
"Bolivia",2013,200.896873,86.665399,"BOL",NA,NA,NA,NA,0,0
"Bolivia",2014,182.259058,83.286349,"BOL",NA,NA,NA,NA,0,0
"Bolivia",2015,202.682617,105.704969,"BOL",NA,NA,NA,NA,0,0
"Bolivia",2016,61.988906,145.102846,"BOL",NA,NA,NA,NA,0,0
"Bolivia",2017,372.47803,264.556165,"BOL",NA,NA,NA,NA,0,0
"Bolivia",2018,102.788736,149.092782,"BOL",NA,NA,NA,NA,0,0
"Bolivia",2019,221.56892,137.124711,"BOL",NA,NA,NA,NA,0,0
"Bolivia",2020,76.741147,94.950965,"BOL",NA,NA,NA,NA,0,0
"Bolivia",2021,71.749446,93.831064,"BOL",NA,NA,NA,NA,0,0
"Bolivia",2022,284.989851,106.250507,"BOL",NA,NA,NA,NA,0,0
"Bolivia",2023,130.059952,319.422978,"BOL",NA,NA,NA,NA,0,0
"Bolivia",2024,58.551729,81.241172,"BOL",NA,NA,NA,NA,0,0
"Bosnia and Herzegovina",2010,6.886849,14.445338,"BIH","December 21, 2022","English","",2022-12-21,2022,0
"Bosnia and Herzegovina",2011,0.364173,2.225025,"BIH","December 21, 2022","English","",2022-12-21,2022,0
"Bosnia and Herzegovina",2012,9.572915,16.588265,"BIH","December 21, 2022","English","",2022-12-21,2022,0
"Bosnia and Herzegovina",2013,16.218755,5.783736,"BIH","December 21, 2022","English","",2022-12-21,2022,0
"Bosnia and Herzegovina",2014,12.881093,9.79207,"BIH","December 21, 2022","English","",2022-12-21,2022,0
"Bosnia and Herzegovina",2015,19.215783,20.846409,"BIH","December 21, 2022","English","",2022-12-21,2022,0
"Bosnia and Herzegovina",2016,12.487758,16.417672,"BIH","December 21, 2022","English","",2022-12-21,2022,0
"Bosnia and Herzegovina",2017,38.17469,6.396131,"BIH","December 21, 2022","English","",2022-12-21,2022,0
"Bosnia and Herzegovina",2018,41.483508,7.108528,"BIH","December 21, 2022","English","",2022-12-21,2022,0
"Bosnia and Herzegovina",2019,52.014008,21.337902,"BIH","December 21, 2022","English","",2022-12-21,2022,0
"Bosnia and Herzegovina",2020,26.570761,30.285515,"BIH","December 21, 2022","English","",2022-12-21,2022,0
"Bosnia and Herzegovina",2021,18.155678,21.722059,"BIH","December 21, 2022","English","",2022-12-21,2022,0
"Bosnia and Herzegovina",2022,17.938915,9.929231,"BIH","December 21, 2022","English","",2022-12-21,2022,1
"Bosnia and Herzegovina",2023,11.823134,21.260979,"BIH","December 21, 2022","English","",2022-12-21,2022,1
"Bosnia and Herzegovina",2024,19.660216,17.044694,"BIH","December 21, 2022","English","",2022-12-21,2022,1
"Botswana",2010,0.00323,0.065564,"BWA",NA,NA,NA,NA,0,0
"Botswana",2011,1.4072,0.851638,"BWA",NA,NA,NA,NA,0,0
"Botswana",2012,3.049244,2.209015,"BWA",NA,NA,NA,NA,0,0
"Botswana",2013,1.22943,2.47152,"BWA",NA,NA,NA,NA,0,0
"Botswana",2014,3.161643,1.96248,"BWA",NA,NA,NA,NA,0,0
"Botswana",2015,3.43709,1.156072,"BWA",NA,NA,NA,NA,0,0
"Botswana",2016,1.188477,1.611463,"BWA",NA,NA,NA,NA,0,0
"Botswana",2017,2.67399,1.363691,"BWA",NA,NA,NA,NA,0,0
"Botswana",2018,2.431524,0.646276,"BWA",NA,NA,NA,NA,0,0
"Botswana",2019,9.346335,1.295963,"BWA",NA,NA,NA,NA,0,0
"Botswana",2020,5.950683,5.662976,"BWA",NA,NA,NA,NA,0,0
"Botswana",2021,7.54017,7.34746,"BWA",NA,NA,NA,NA,0,0
"Botswana",2022,6.567403,11.459009,"BWA",NA,NA,NA,NA,0,0
"Botswana",2023,8.798354,11.256892,"BWA",NA,NA,NA,NA,0,0
"Botswana",2024,7.142198,8.831897,"BWA",NA,NA,NA,NA,0,0
"Brazil",2010,26.371621,14.699844,"BRA","May 12, 2016","English","Portuguese",2016-05-12,2016,0
"Brazil",2011,216.313916,66.345146,"BRA","May 12, 2016","English","Portuguese",2016-05-12,2016,0
"Brazil",2012,57.472378,48.721597,"BRA","May 12, 2016","English","Portuguese",2016-05-12,2016,0
"Brazil",2013,90.363177,36.04426,"BRA","May 12, 2016","English","Portuguese",2016-05-12,2016,0
"Brazil",2014,87.799147,35.336835,"BRA","May 12, 2016","English","Portuguese",2016-05-12,2016,0
"Brazil",2015,91.279083,36.312936,"BRA","May 12, 2016","English","Portuguese",2016-05-12,2016,0
"Brazil",2016,79.232632,89.044391,"BRA","May 12, 2016","English","Portuguese",2016-05-12,2016,1
"Brazil",2017,110.323684,59.957745,"BRA","May 12, 2016","English","Portuguese",2016-05-12,2016,1
"Brazil",2018,52.066615,48.046841,"BRA","May 12, 2016","English","Portuguese",2016-05-12,2016,1
"Brazil",2019,168.797696,64.720311,"BRA","May 12, 2016","English","Portuguese",2016-05-12,2016,1
"Brazil",2020,529.588446,73.936043,"BRA","May 12, 2016","English","Portuguese",2016-05-12,2016,1
"Brazil",2021,184.43202,487.062375,"BRA","May 12, 2016","English","Portuguese",2016-05-12,2016,1
"Brazil",2022,274.803609,160.823003,"BRA","May 12, 2016","English","Portuguese",2016-05-12,2016,1
"Brazil",2023,393.524664,261.209433,"BRA","May 12, 2016","English","Portuguese",2016-05-12,2016,1
"Brazil",2024,762.414628,294.364763,"BRA","May 12, 2016","English","Portuguese",2016-05-12,2016,1
"Burkina Faso",2009,11.319051,0.410789,"BFA","October 15, 2015","English","French",2015-10-15,2015,0
"Burkina Faso",2010,73.14983,34.973944,"BFA","October 15, 2015","English","French",2015-10-15,2015,0
"Burkina Faso",2011,66.389071,66.018301,"BFA","October 15, 2015","English","French",2015-10-15,2015,0
"Burkina Faso",2012,158.390695,59.016471,"BFA","October 15, 2015","English","French",2015-10-15,2015,0
"Burkina Faso",2013,145.247108,92.156841,"BFA","October 15, 2015","English","French",2015-10-15,2015,0
"Burkina Faso",2014,56.578499,77.187387,"BFA","October 15, 2015","English","French",2015-10-15,2015,0
"Burkina Faso",2015,122.992574,70.231791,"BFA","October 15, 2015","English","French",2015-10-15,2015,1
"Burkina Faso",2016,405.250792,104.256046,"BFA","October 15, 2015","English","French",2015-10-15,2015,1
"Burkina Faso",2017,285.616841,170.397276,"BFA","October 15, 2015","English","French",2015-10-15,2015,1
"Burkina Faso",2018,162.489891,184.866323,"BFA","October 15, 2015","English","French",2015-10-15,2015,1
"Burkina Faso",2019,182.73168,193.852134,"BFA","October 15, 2015","English","French",2015-10-15,2015,1
"Burkina Faso",2020,119.235922,220.515607,"BFA","October 15, 2015","English","French",2015-10-15,2015,1
"Burkina Faso",2021,447.461806,187.299417,"BFA","October 15, 2015","English","French",2015-10-15,2015,1
"Burkina Faso",2022,241.926143,274.949788,"BFA","October 15, 2015","English","French",2015-10-15,2015,1
"Burkina Faso",2023,304.330915,260.576237,"BFA","October 15, 2015","English","French",2015-10-15,2015,1
"Burkina Faso",2024,249.463881,248.480746,"BFA","October 15, 2015","English","French",2015-10-15,2015,1
"Burundi",2010,7.904487,23.357658,"BDI","December 4, 2023","French","",2023-12-04,2023,0
"Burundi",2011,14.303467,37.453039,"BDI","December 4, 2023","French","",2023-12-04,2023,0
"Burundi",2012,10.148365,36.051678,"BDI","December 4, 2023","French","",2023-12-04,2023,0
"Burundi",2013,40.093187,55.764647,"BDI","December 4, 2023","French","",2023-12-04,2023,0
"Burundi",2014,44.064975,75.819675,"BDI","December 4, 2023","French","",2023-12-04,2023,0
"Burundi",2015,126.907295,43.924938,"BDI","December 4, 2023","French","",2023-12-04,2023,0
"Burundi",2016,53.586084,69.8775,"BDI","December 4, 2023","French","",2023-12-04,2023,0
"Burundi",2017,94.815215,59.600726,"BDI","December 4, 2023","French","",2023-12-04,2023,0
"Burundi",2018,96.705371,77.190182,"BDI","December 4, 2023","French","",2023-12-04,2023,0
"Burundi",2019,29.115885,74.208988,"BDI","December 4, 2023","French","",2023-12-04,2023,0
"Burundi",2020,93.162269,71.519086,"BDI","December 4, 2023","French","",2023-12-04,2023,0
"Burundi",2021,65.006675,77.792252,"BDI","December 4, 2023","French","",2023-12-04,2023,0
"Burundi",2022,83.964292,98.468065,"BDI","December 4, 2023","French","",2023-12-04,2023,0
"Burundi",2023,108.644505,92.226025,"BDI","December 4, 2023","French","",2023-12-04,2023,1
"Burundi",2024,74.135257,86.552282,"BDI","December 4, 2023","French","",2023-12-04,2023,1
"Cabo Verde",2010,9.041986,15.089851,"CPV","October 23, 2022","English","Portuguese",2022-10-23,2022,0
"Cabo Verde",2011,11.667317,13.885928,"CPV","October 23, 2022","English","Portuguese",2022-10-23,2022,0
"Cabo Verde",2012,99.323587,15.164545,"CPV","October 23, 2022","English","Portuguese",2022-10-23,2022,0
"Cabo Verde",2013,123.775989,19.483192,"CPV","October 23, 2022","English","Portuguese",2022-10-23,2022,0
"Cabo Verde",2014,1.839502,5.030473,"CPV","October 23, 2022","English","Portuguese",2022-10-23,2022,0
"Cabo Verde",2015,1.508705,3.969127,"CPV","October 23, 2022","English","Portuguese",2022-10-23,2022,0
"Cabo Verde",2016,12.519367,18.444321,"CPV","October 23, 2022","English","Portuguese",2022-10-23,2022,0
"Cabo Verde",2017,23.528,21.898046,"CPV","October 23, 2022","English","Portuguese",2022-10-23,2022,0
"Cabo Verde",2018,7.922874,1.80894,"CPV","October 23, 2022","English","Portuguese",2022-10-23,2022,0
"Cabo Verde",2019,29.018982,4.035348,"CPV","October 23, 2022","English","Portuguese",2022-10-23,2022,0
"Cabo Verde",2020,7.089714,4.573778,"CPV","October 23, 2022","English","Portuguese",2022-10-23,2022,0
"Cabo Verde",2021,26.423326,23.315903,"CPV","October 23, 2022","English","Portuguese",2022-10-23,2022,0
"Cabo Verde",2022,8.810069,17.00762,"CPV","October 23, 2022","English","Portuguese",2022-10-23,2022,1
"Cabo Verde",2023,54.16096,12.732691,"CPV","October 23, 2022","English","Portuguese",2022-10-23,2022,1
"Cabo Verde",2024,8.20135,16.735682,"CPV","October 23, 2022","English","Portuguese",2022-10-23,2022,1
"Cambodia",2010,72.99351,32.64091,"KHM","July 7, 2021","English","",2021-07-07,2021,0
"Cambodia",2011,104.223983,28.383276,"KHM","July 7, 2021","English","",2021-07-07,2021,0
"Cambodia",2012,119.730775,63.72623,"KHM","July 7, 2021","English","",2021-07-07,2021,0
"Cambodia",2013,168.722501,76.590734,"KHM","July 7, 2021","English","",2021-07-07,2021,0
"Cambodia",2014,176.626126,83.011459,"KHM","July 7, 2021","English","",2021-07-07,2021,0
"Cambodia",2015,244.649098,79.832713,"KHM","July 7, 2021","English","",2021-07-07,2021,0
"Cambodia",2016,213.984291,72.535206,"KHM","July 7, 2021","English","",2021-07-07,2021,0
"Cambodia",2017,80.100146,99.945792,"KHM","July 7, 2021","English","",2021-07-07,2021,0
"Cambodia",2018,313.421562,86.398387,"KHM","July 7, 2021","English","",2021-07-07,2021,0
"Cambodia",2019,309.16426,297.275437,"KHM","July 7, 2021","English","",2021-07-07,2021,0
"Cambodia",2020,477.739285,188.359509,"KHM","July 7, 2021","English","",2021-07-07,2021,0
"Cambodia",2021,402.23971,280.256505,"KHM","July 7, 2021","English","",2021-07-07,2021,1
"Cambodia",2022,774.430034,423.664001,"KHM","July 7, 2021","English","",2021-07-07,2021,1
"Cambodia",2023,628.598451,194.427842,"KHM","July 7, 2021","English","",2021-07-07,2021,1
"Cambodia",2024,556.930981,468.97209,"KHM","July 7, 2021","English","",2021-07-07,2021,1
"Cameroon",2010,83.92174,4.571055,"CMR","October 26, 2015","French","",2015-10-26,2015,0
"Cameroon",2011,69.942168,27.18392,"CMR","October 26, 2015","French","",2015-10-26,2015,0
"Cameroon",2012,16.166304,16.133372,"CMR","October 26, 2015","French","",2015-10-26,2015,0
"Cameroon",2013,18.366794,28.585952,"CMR","October 26, 2015","French","",2015-10-26,2015,0
"Cameroon",2014,127.455989,32.925486,"CMR","October 26, 2015","French","",2015-10-26,2015,0
"Cameroon",2015,54.185869,26.827661,"CMR","October 26, 2015","French","",2015-10-26,2015,1
"Cameroon",2016,56.239429,50.772066,"CMR","October 26, 2015","French","",2015-10-26,2015,1
"Cameroon",2017,254.09183,104.460782,"CMR","October 26, 2015","French","",2015-10-26,2015,1
"Cameroon",2018,69.428333,85.358429,"CMR","October 26, 2015","French","",2015-10-26,2015,1
"Cameroon",2019,151.38302,151.124037,"CMR","October 26, 2015","French","",2015-10-26,2015,1
"Cameroon",2020,64.758879,87.572876,"CMR","October 26, 2015","French","",2015-10-26,2015,1
"Cameroon",2021,97.85828,104.338443,"CMR","October 26, 2015","French","",2015-10-26,2015,1
"Cameroon",2022,133.153915,107.745689,"CMR","October 26, 2015","French","",2015-10-26,2015,1
"Cameroon",2023,101.71551,118.159161,"CMR","October 26, 2015","French","",2015-10-26,2015,1
"Cameroon",2024,221.959994,188.223036,"CMR","October 26, 2015","French","",2015-10-26,2015,1
"Central African Republic",2010,0.084522,0.430102,"CAF","February 16, 2022","French","",2022-02-16,2022,0
"Central African Republic",2011,0.163231,0.217089,"CAF","February 16, 2022","French","",2022-02-16,2022,0
"Central African Republic",2012,5.655879,3.144726,"CAF","February 16, 2022","French","",2022-02-16,2022,0
"Central African Republic",2013,1.473551,7.9209,"CAF","February 16, 2022","French","",2022-02-16,2022,0
"Central African Republic",2014,17.841395,9.20402,"CAF","February 16, 2022","French","",2022-02-16,2022,0
"Central African Republic",2015,0.86339,3.543967,"CAF","February 16, 2022","French","",2022-02-16,2022,0
"Central African Republic",2016,9.509203,8.88817,"CAF","February 16, 2022","French","",2022-02-16,2022,0
"Central African Republic",2017,9.163062,9.80874,"CAF","February 16, 2022","French","",2022-02-16,2022,0
"Central African Republic",2018,27.106912,3.211609,"CAF","February 16, 2022","French","",2022-02-16,2022,0
"Central African Republic",2019,36.354803,13.569304,"CAF","February 16, 2022","French","",2022-02-16,2022,0
"Central African Republic",2020,48.634868,19.793711,"CAF","February 16, 2022","French","",2022-02-16,2022,0
"Central African Republic",2021,19.419366,10.567688,"CAF","February 16, 2022","French","",2022-02-16,2022,0
"Central African Republic",2022,46.648694,22.857969,"CAF","February 16, 2022","French","",2022-02-16,2022,1
"Central African Republic",2023,34.390218,22.291008,"CAF","February 16, 2022","French","",2022-02-16,2022,1
"Central African Republic",2024,26.39603,38.847926,"CAF","February 16, 2022","French","",2022-02-16,2022,1
"Chad",2010,31.92274,13.707487,"TCD","February 15, 2022","English","French",2022-02-15,2022,0
"Chad",2011,11.210372,13.678932,"TCD","February 15, 2022","English","French",2022-02-15,2022,0
"Chad",2012,19.872835,21.084887,"TCD","February 15, 2022","English","French",2022-02-15,2022,0
"Chad",2013,46.81409,33.484669,"TCD","February 15, 2022","English","French",2022-02-15,2022,0
"Chad",2014,36.029123,36.688913,"TCD","February 15, 2022","English","French",2022-02-15,2022,0
"Chad",2015,60.689947,31.855571,"TCD","February 15, 2022","English","French",2022-02-15,2022,0
"Chad",2016,286.907057,29.903169,"TCD","February 15, 2022","English","French",2022-02-15,2022,0
"Chad",2017,22.353673,36.343694,"TCD","February 15, 2022","English","French",2022-02-15,2022,0
"Chad",2018,130.354207,40.5925,"TCD","February 15, 2022","English","French",2022-02-15,2022,0
"Chad",2019,90.727216,62.188326,"TCD","February 15, 2022","English","French",2022-02-15,2022,0
"Chad",2020,74.557643,78.489175,"TCD","February 15, 2022","English","French",2022-02-15,2022,0
"Chad",2021,64.788504,78.623364,"TCD","February 15, 2022","English","French",2022-02-15,2022,0
"Chad",2022,144.9793,122.701756,"TCD","February 15, 2022","English","French",2022-02-15,2022,1
"Chad",2023,175.772289,80.631058,"TCD","February 15, 2022","English","French",2022-02-15,2022,1
"Chad",2024,104.667881,109.998341,"TCD","February 15, 2022","English","French",2022-02-15,2022,1
"Chile",2010,1.870875,2.054948,"CHL","September 7, 2017","Spanish","",2017-09-07,2017,0
"Chile",2011,1.175182,2.114391,"CHL","September 7, 2017","Spanish","",2017-09-07,2017,0
"Chile",2012,5.010599,3.263752,"CHL","September 7, 2017","Spanish","",2017-09-07,2017,0
"Chile",2013,0.472571,2.967198,"CHL","September 7, 2017","Spanish","",2017-09-07,2017,0
"Chile",2014,3.317652,1.160455,"CHL","September 7, 2017","Spanish","",2017-09-07,2017,0
"Chile",2015,13.231937,4.408542,"CHL","September 7, 2017","Spanish","",2017-09-07,2017,0
"Chile",2016,2.133569,1.475525,"CHL","September 7, 2017","Spanish","",2017-09-07,2017,0
"Chile",2017,5.316239,3.58701,"CHL","September 7, 2017","Spanish","",2017-09-07,2017,1
"China (People's Republic of)",2010,75.705125,62.337498,"CHN",NA,NA,NA,NA,0,0
"China (People's Republic of)",2011,245.056829,85.922,"CHN",NA,NA,NA,NA,0,0
"China (People's Republic of)",2012,67.531786,60.395355,"CHN",NA,NA,NA,NA,0,0
"China (People's Republic of)",2013,100.931366,52.639221,"CHN",NA,NA,NA,NA,0,0
"China (People's Republic of)",2014,114.262862,29.660221,"CHN",NA,NA,NA,NA,0,0
"China (People's Republic of)",2015,203.883844,43.506948,"CHN",NA,NA,NA,NA,0,0
"China (People's Republic of)",2016,86.519157,71.08018,"CHN",NA,NA,NA,NA,0,0
"China (People's Republic of)",2017,133.81841,73.958183,"CHN",NA,NA,NA,NA,0,0
"China (People's Republic of)",2018,262.529787,70.14853,"CHN",NA,NA,NA,NA,0,0
"China (People's Republic of)",2019,448.643472,121.960434,"CHN",NA,NA,NA,NA,0,0
"China (People's Republic of)",2020,424.342858,117.113644,"CHN",NA,NA,NA,NA,0,0
"China (People's Republic of)",2021,111.887484,86.196166,"CHN",NA,NA,NA,NA,0,0
"China (People's Republic of)",2022,171.230186,67.8205,"CHN",NA,NA,NA,NA,0,0
"China (People's Republic of)",2023,59.277188,116.943711,"CHN",NA,NA,NA,NA,0,0
"China (People's Republic of)",2024,12.968852,70.720193,"CHN",NA,NA,NA,NA,0,0
"Colombia",2010,49.012104,15.940846,"COL","February 27, 2018","Spanish","",2018-02-27,2018,0
"Colombia",2011,30.279677,4.707374,"COL","February 27, 2018","Spanish","",2018-02-27,2018,0
"Colombia",2012,135.56019,126.436202,"COL","February 27, 2018","Spanish","",2018-02-27,2018,0
"Colombia",2013,60.418814,53.830773,"COL","February 27, 2018","Spanish","",2018-02-27,2018,0
"Colombia",2014,124.44721,107.273823,"COL","February 27, 2018","Spanish","",2018-02-27,2018,0
"Colombia",2015,559.043252,498.14857,"COL","February 27, 2018","Spanish","",2018-02-27,2018,0
"Colombia",2016,273.914589,307.026763,"COL","February 27, 2018","Spanish","",2018-02-27,2018,0
"Colombia",2017,493.99266,166.297218,"COL","February 27, 2018","Spanish","",2018-02-27,2018,0
"Colombia",2018,474.079476,697.440658,"COL","February 27, 2018","Spanish","",2018-02-27,2018,1
"Colombia",2019,214.688125,126.519446,"COL","February 27, 2018","Spanish","",2018-02-27,2018,1
"Colombia",2020,555.374706,585.405067,"COL","February 27, 2018","Spanish","",2018-02-27,2018,1
"Colombia",2021,830.90944,552.371956,"COL","February 27, 2018","Spanish","",2018-02-27,2018,1
"Colombia",2022,444.038861,597.315225,"COL","February 27, 2018","Spanish","",2018-02-27,2018,1
"Colombia",2023,680.494948,246.510491,"COL","February 27, 2018","Spanish","",2018-02-27,2018,1
"Colombia",2024,367.814278,389.49468,"COL","February 27, 2018","Spanish","",2018-02-27,2018,1
"Comoros",2010,8.499138,0.503518,"COM",NA,NA,NA,NA,0,0
"Comoros",2011,0,1.517659,"COM",NA,NA,NA,NA,0,0
"Comoros",2012,0.089907,0.241318,"COM",NA,NA,NA,NA,0,0
"Comoros",2013,4.438692,2.707336,"COM",NA,NA,NA,NA,0,0
"Comoros",2014,9.658265,0.576887,"COM",NA,NA,NA,NA,0,0
"Comoros",2015,3.061675,1.31281,"COM",NA,NA,NA,NA,0,0
"Comoros",2016,12.537499,1.220306,"COM",NA,NA,NA,NA,0,0
"Comoros",2017,17.959009,5.484193,"COM",NA,NA,NA,NA,0,0
"Comoros",2018,1.015933,10.668247,"COM",NA,NA,NA,NA,0,0
"Comoros",2019,43.084347,13.968195,"COM",NA,NA,NA,NA,0,0
"Comoros",2020,42.127412,4.799206,"COM",NA,NA,NA,NA,0,0
"Comoros",2021,25.741635,9.978881,"COM",NA,NA,NA,NA,0,0
"Comoros",2022,52.966457,31.323467,"COM",NA,NA,NA,NA,0,0
"Comoros",2023,30.255833,12.295859,"COM",NA,NA,NA,NA,0,0
"Comoros",2024,34.315278,17.822936,"COM",NA,NA,NA,NA,0,0
"Congo",2010,0.093882,2.917749,"COG",NA,NA,NA,NA,0,0
"Congo",2011,0.069814,2.876521,"COG",NA,NA,NA,NA,0,0
"Congo",2012,0.038426,1.143314,"COG",NA,NA,NA,NA,0,0
"Congo",2013,0.15767,2.283928,"COG",NA,NA,NA,NA,0,0
"Congo",2014,0.126181,0.099773,"COG",NA,NA,NA,NA,0,0
"Congo",2015,80.067085,0.474784,"COG",NA,NA,NA,NA,0,0
"Congo",2016,0.703983,0.514766,"COG",NA,NA,NA,NA,0,0
"Congo",2017,1.068689,8.609752,"COG",NA,NA,NA,NA,0,0
"Congo",2018,50.961863,3.949954,"COG",NA,NA,NA,NA,0,0
"Congo",2019,60.741788,4.071103,"COG",NA,NA,NA,NA,0,0
"Congo",2020,5.3629,12.669453,"COG",NA,NA,NA,NA,0,0
"Congo",2021,23.605772,9.135564,"COG",NA,NA,NA,NA,0,0
"Congo",2022,38.875062,10.798785,"COG",NA,NA,NA,NA,0,0
"Congo",2023,52.003981,34.257604,"COG",NA,NA,NA,NA,0,0
"Congo",2024,11.66572,24.008102,"COG",NA,NA,NA,NA,0,0
"Cook Islands",2010,14.750005,4.076002,"COK",NA,NA,NA,NA,0,0
"Cook Islands",2011,2.881283,9.04095,"COK",NA,NA,NA,NA,0,0
"Cook Islands",2012,1.721564,5.207777,"COK",NA,NA,NA,NA,0,0
"Cook Islands",2013,4.764212,1.347048,"COK",NA,NA,NA,NA,0,0
"Cook Islands",2014,8.311228,3.304646,"COK",NA,NA,NA,NA,0,0
"Cook Islands",2015,0.573418,7.928439,"COK",NA,NA,NA,NA,0,0
"Cook Islands",2016,0.033319,3.953168,"COK",NA,NA,NA,NA,0,0
"Cook Islands",2017,0.463264,3.843452,"COK",NA,NA,NA,NA,0,0
"Cook Islands",2018,13.545597,15.544316,"COK",NA,NA,NA,NA,0,0
"Cook Islands",2019,9.780128,10.561961,"COK",NA,NA,NA,NA,0,0
"Costa Rica",2010,22.858949,15.747595,"CRI","May 5, 2022","Spanish","",2022-05-05,2022,0
"Costa Rica",2011,46.283871,4.107375,"CRI","May 5, 2022","Spanish","",2022-05-05,2022,0
"Costa Rica",2012,2.296696,4.444257,"CRI","May 5, 2022","Spanish","",2022-05-05,2022,0
"Costa Rica",2013,3.413429,4.515409,"CRI","May 5, 2022","Spanish","",2022-05-05,2022,0
"Costa Rica",2014,27.124702,5.406338,"CRI","May 5, 2022","Spanish","",2022-05-05,2022,0
"Costa Rica",2015,5.385886,3.278038,"CRI","May 5, 2022","Spanish","",2022-05-05,2022,0
"Costa Rica",2016,5.449274,5.100018,"CRI","May 5, 2022","Spanish","",2022-05-05,2022,0
"Costa Rica",2017,2.342651,3.410064,"CRI","May 5, 2022","Spanish","",2022-05-05,2022,0
"Costa Rica",2018,111.576939,5.555399,"CRI","May 5, 2022","Spanish","",2022-05-05,2022,0
"Costa Rica",2019,16.604639,3.280051,"CRI","May 5, 2022","Spanish","",2022-05-05,2022,0
"Costa Rica",2020,5.5539,9.403984,"CRI","May 5, 2022","Spanish","",2022-05-05,2022,0
"Costa Rica",2021,212.607321,10.000829,"CRI","May 5, 2022","Spanish","",2022-05-05,2022,0
"Costa Rica",2022,648.158777,128.359939,"CRI","May 5, 2022","Spanish","",2022-05-05,2022,1
"Costa Rica",2023,57.797316,65.3668,"CRI","May 5, 2022","Spanish","",2022-05-05,2022,1
"Costa Rica",2024,124.130701,40.979886,"CRI","May 5, 2022","Spanish","",2022-05-05,2022,1
"Croatia",2010,0.023325,0.023325,"HRV",NA,NA,NA,NA,0,0
"Cuba",2010,2.975425,13.49135,"CUB",NA,NA,NA,NA,0,0
"Cuba",2011,12.022096,3.559346,"CUB",NA,NA,NA,NA,0,0
"Cuba",2012,11.992712,7.31514,"CUB",NA,NA,NA,NA,0,0
"Cuba",2013,16.631047,22.436116,"CUB",NA,NA,NA,NA,0,0
"Cuba",2014,12.16175,16.418297,"CUB",NA,NA,NA,NA,0,0
"Cuba",2015,4.733193,17.822725,"CUB",NA,NA,NA,NA,0,0
"Cuba",2016,30.227699,17.836956,"CUB",NA,NA,NA,NA,0,0
"Cuba",2017,10.096147,14.828362,"CUB",NA,NA,NA,NA,0,0
"Cuba",2018,58.331235,18.406258,"CUB",NA,NA,NA,NA,0,0
"Cuba",2019,79.357668,16.417868,"CUB",NA,NA,NA,NA,0,0
"Cuba",2020,18.290877,53.394356,"CUB",NA,NA,NA,NA,0,0
"Cuba",2021,79.792056,43.141071,"CUB",NA,NA,NA,NA,0,0
"Cuba",2022,16.444735,29.661301,"CUB",NA,NA,NA,NA,0,0
"Cuba",2023,52.418299,14.428859,"CUB",NA,NA,NA,NA,0,0
"Cuba",2024,15.777171,27.086756,"CUB",NA,NA,NA,NA,0,0
"Côte d'Ivoire",2010,2.966868,2.971719,"CIV",NA,NA,NA,NA,0,0
"Côte d'Ivoire",2011,19.925765,6.303066,"CIV",NA,NA,NA,NA,0,0
"Côte d'Ivoire",2012,3.777835,4.982049,"CIV",NA,NA,NA,NA,0,0
"Côte d'Ivoire",2013,16.911726,12.672278,"CIV",NA,NA,NA,NA,0,0
"Côte d'Ivoire",2014,5.568415,10.231492,"CIV",NA,NA,NA,NA,0,0
"Côte d'Ivoire",2015,38.723296,10.678454,"CIV",NA,NA,NA,NA,0,0
"Côte d'Ivoire",2016,47.997413,9.472954,"CIV",NA,NA,NA,NA,0,0
"Côte d'Ivoire",2017,24.871372,15.749188,"CIV",NA,NA,NA,NA,0,0
"Côte d'Ivoire",2018,25.602744,16.745257,"CIV",NA,NA,NA,NA,0,0
"Côte d'Ivoire",2019,134.657366,23.020901,"CIV",NA,NA,NA,NA,0,0
"Côte d'Ivoire",2020,246.292056,48.605382,"CIV",NA,NA,NA,NA,0,0
"Côte d'Ivoire",2021,252.768212,67.629032,"CIV",NA,NA,NA,NA,0,0
"Côte d'Ivoire",2022,716.877658,186.733897,"CIV",NA,NA,NA,NA,0,0
"Côte d'Ivoire",2023,190.997067,166.902307,"CIV",NA,NA,NA,NA,0,0
"Côte d'Ivoire",2024,1181.41193,741.609619,"CIV",NA,NA,NA,NA,0,0
"Democratic People's Republic of Korea",2011,0.766506,0.459904,"PRK",NA,NA,NA,NA,0,0
"Democratic People's Republic of Korea",2012,2.271379,1.877792,"PRK",NA,NA,NA,NA,0,0
"Democratic People's Republic of Korea",2013,0.453091,0.452861,"PRK",NA,NA,NA,NA,0,0
"Democratic People's Republic of Korea",2014,1.332629,0.396802,"PRK",NA,NA,NA,NA,0,0
"Democratic People's Republic of Korea",2015,0.557172,0.731311,"PRK",NA,NA,NA,NA,0,0
"Democratic People's Republic of Korea",2016,0.916149,2.142657,"PRK",NA,NA,NA,NA,0,0
"Democratic People's Republic of Korea",2017,4.303068,1.903955,"PRK",NA,NA,NA,NA,0,0
"Democratic People's Republic of Korea",2018,0.134986,1.218183,"PRK",NA,NA,NA,NA,0,0
"Democratic People's Republic of Korea",2019,0.831473,1.456154,"PRK",NA,NA,NA,NA,0,0
"Democratic People's Republic of Korea",2020,0.786971,0.965814,"PRK",NA,NA,NA,NA,0,0
"Democratic People's Republic of Korea",2021,0.677981,0.855775,"PRK",NA,NA,NA,NA,0,0
"Democratic People's Republic of Korea",2022,0.005492,0.222274,"PRK",NA,NA,NA,NA,0,0
"Democratic People's Republic of Korea",2023,0.110559,0.444548,"PRK",NA,NA,NA,NA,0,0
"Democratic People's Republic of Korea",2024,0.326139,0.402398,"PRK",NA,NA,NA,NA,0,0
"Democratic Republic of the Congo",2010,65.718126,26.370247,"COD","July 6, 2022","English","French",2022-07-06,2022,0
"Democratic Republic of the Congo",2011,43.630864,43.60783,"COD","July 6, 2022","English","French",2022-07-06,2022,0
"Democratic Republic of the Congo",2012,56.353117,80.404205,"COD","July 6, 2022","English","French",2022-07-06,2022,0
"Democratic Republic of the Congo",2013,101.703101,94.355925,"COD","July 6, 2022","English","French",2022-07-06,2022,0
"Democratic Republic of the Congo",2014,132.333064,81.163846,"COD","July 6, 2022","English","French",2022-07-06,2022,0
"Democratic Republic of the Congo",2015,277.944882,71.946375,"COD","July 6, 2022","English","French",2022-07-06,2022,0
"Democratic Republic of the Congo",2016,154.157342,157.137604,"COD","July 6, 2022","English","French",2022-07-06,2022,0
"Democratic Republic of the Congo",2017,97.991753,182.331174,"COD","July 6, 2022","English","French",2022-07-06,2022,0
"Democratic Republic of the Congo",2018,179.957782,99.42617,"COD","July 6, 2022","English","French",2022-07-06,2022,0
"Democratic Republic of the Congo",2019,64.633259,119.944024,"COD","July 6, 2022","English","French",2022-07-06,2022,0
"Democratic Republic of the Congo",2020,182.054885,112.160444,"COD","July 6, 2022","English","French",2022-07-06,2022,0
"Democratic Republic of the Congo",2021,233.684137,143.670893,"COD","July 6, 2022","English","French",2022-07-06,2022,0
"Democratic Republic of the Congo",2022,490.434831,341.565838,"COD","July 6, 2022","English","French",2022-07-06,2022,1
"Democratic Republic of the Congo",2023,450.382323,406.983145,"COD","July 6, 2022","English","French",2022-07-06,2022,1
"Democratic Republic of the Congo",2024,394.584423,475.265325,"COD","July 6, 2022","English","French",2022-07-06,2022,1
"Djibouti",2010,3.653893,4.18131,"DJI",NA,NA,NA,NA,0,0
"Djibouti",2011,5.358612,3.661235,"DJI",NA,NA,NA,NA,0,0
"Djibouti",2012,58.918875,14.597707,"DJI",NA,NA,NA,NA,0,0
"Djibouti",2013,47.746245,9.691264,"DJI",NA,NA,NA,NA,0,0
"Djibouti",2014,1.421104,9.339142,"DJI",NA,NA,NA,NA,0,0
"Djibouti",2015,23.666792,8.294751,"DJI",NA,NA,NA,NA,0,0
"Djibouti",2016,8.719611,9.215665,"DJI",NA,NA,NA,NA,0,0
"Djibouti",2017,91.559617,3.397396,"DJI",NA,NA,NA,NA,0,0
"Djibouti",2018,24.436203,26.778609,"DJI",NA,NA,NA,NA,0,0
"Djibouti",2019,18.740169,37.017476,"DJI",NA,NA,NA,NA,0,0
"Djibouti",2020,38.452068,28.679242,"DJI",NA,NA,NA,NA,0,0
"Djibouti",2021,58.125007,15.547388,"DJI",NA,NA,NA,NA,0,0
"Djibouti",2022,21.322216,24.311695,"DJI",NA,NA,NA,NA,0,0
"Djibouti",2023,54.366252,35.09755,"DJI",NA,NA,NA,NA,0,0
"Djibouti",2024,42.71545,37.113926,"DJI",NA,NA,NA,NA,0,0
"Dominica",2010,0.007724,0.007724,"DMA",NA,NA,NA,NA,0,0
"Dominica",2011,0.463579,0.463579,"DMA",NA,NA,NA,NA,0,0
"Dominica",2012,21.541555,0.005933,"DMA",NA,NA,NA,NA,0,0
"Dominica",2013,0.085533,0.651017,"DMA",NA,NA,NA,NA,0,0
"Dominica",2014,22.696522,2.516733,"DMA",NA,NA,NA,NA,0,0
"Dominica",2015,0.092784,0.16623,"DMA",NA,NA,NA,NA,0,0
"Dominica",2016,0,2.578875,"DMA",NA,NA,NA,NA,0,0
"Dominica",2017,3.62093,6.038731,"DMA",NA,NA,NA,NA,0,0
"Dominica",2018,30.302146,9.462471,"DMA",NA,NA,NA,NA,0,0
"Dominica",2019,6.132273,3.671233,"DMA",NA,NA,NA,NA,0,0
"Dominica",2020,3.225797,5.873611,"DMA",NA,NA,NA,NA,0,0
"Dominica",2021,0.721761,5.252871,"DMA",NA,NA,NA,NA,0,0
"Dominica",2022,1.566576,3.035863,"DMA",NA,NA,NA,NA,0,0
"Dominica",2023,4.054334,4.552082,"DMA",NA,NA,NA,NA,0,0
"Dominica",2024,2.525505,2.54941,"DMA",NA,NA,NA,NA,0,0
"Dominican Republic",2010,13.219904,8.623608,"DOM",NA,NA,NA,NA,0,0
"Dominican Republic",2011,12.711454,14.217549,"DOM",NA,NA,NA,NA,0,0
"Dominican Republic",2012,8.166918,11.781326,"DOM",NA,NA,NA,NA,0,0
"Dominican Republic",2013,5.609304,16.233548,"DOM",NA,NA,NA,NA,0,0
"Dominican Republic",2014,208.60348,4.321617,"DOM",NA,NA,NA,NA,0,0
"Dominican Republic",2015,65.662342,9.539279,"DOM",NA,NA,NA,NA,0,0
"Dominican Republic",2016,17.321419,37.660715,"DOM",NA,NA,NA,NA,0,0
"Dominican Republic",2017,30.13245,39.77172,"DOM",NA,NA,NA,NA,0,0
"Dominican Republic",2018,31.475515,9.592257,"DOM",NA,NA,NA,NA,0,0
"Dominican Republic",2019,14.443806,13.363912,"DOM",NA,NA,NA,NA,0,0
"Dominican Republic",2020,32.365271,27.901785,"DOM",NA,NA,NA,NA,0,0
"Dominican Republic",2021,254.868117,69.502816,"DOM",NA,NA,NA,NA,0,0
"Dominican Republic",2022,74.872399,259.05757,"DOM",NA,NA,NA,NA,0,0
"Dominican Republic",2023,45.050223,27.344843,"DOM",NA,NA,NA,NA,0,0
"Dominican Republic",2024,122.39448,130.086294,"DOM",NA,NA,NA,NA,0,0
"Ecuador",2010,29.945233,21.131332,"ECU","March 21, 2023","Spanish","",2023-03-21,2023,0
"Ecuador",2011,21.164587,29.09021,"ECU","March 21, 2023","Spanish","",2023-03-21,2023,0
"Ecuador",2012,21.217213,48.723203,"ECU","March 21, 2023","Spanish","",2023-03-21,2023,0
"Ecuador",2013,39.83111,48.633769,"ECU","March 21, 2023","Spanish","",2023-03-21,2023,0
"Ecuador",2014,26.71308,49.58634,"ECU","March 21, 2023","Spanish","",2023-03-21,2023,0
"Ecuador",2015,150.775591,28.845081,"ECU","March 21, 2023","Spanish","",2023-03-21,2023,0
"Ecuador",2016,65.565116,51.609869,"ECU","March 21, 2023","Spanish","",2023-03-21,2023,0
"Ecuador",2017,126.793003,47.313567,"ECU","March 21, 2023","Spanish","",2023-03-21,2023,0
"Ecuador",2018,60.61102,63.806445,"ECU","March 21, 2023","Spanish","",2023-03-21,2023,0
"Ecuador",2019,327.923608,173.582828,"ECU","March 21, 2023","Spanish","",2023-03-21,2023,0
"Ecuador",2020,21.681833,114.459425,"ECU","March 21, 2023","Spanish","",2023-03-21,2023,0
"Ecuador",2021,256.312815,250.216602,"ECU","March 21, 2023","Spanish","",2023-03-21,2023,0
"Ecuador",2022,378.00193,193.620141,"ECU","March 21, 2023","Spanish","",2023-03-21,2023,0
"Ecuador",2023,83.276519,68.997675,"ECU","March 21, 2023","Spanish","",2023-03-21,2023,1
"Ecuador",2024,43.696443,120.487375,"ECU","March 21, 2023","Spanish","",2023-03-21,2023,1
"Egypt",2010,59.810268,9.759894,"EGY",NA,NA,NA,NA,0,0
"Egypt",2011,149.220534,17.080421,"EGY",NA,NA,NA,NA,0,0
"Egypt",2012,81.242271,114.544053,"EGY",NA,NA,NA,NA,0,0
"Egypt",2013,11.3003,21.462358,"EGY",NA,NA,NA,NA,0,0
"Egypt",2014,243.465286,22.297182,"EGY",NA,NA,NA,NA,0,0
"Egypt",2015,49.045941,31.435846,"EGY",NA,NA,NA,NA,0,0
"Egypt",2016,7.210657,86.730784,"EGY",NA,NA,NA,NA,0,0
"Egypt",2017,138.698415,50.734741,"EGY",NA,NA,NA,NA,0,0
"Egypt",2018,5.006135,39.370505,"EGY",NA,NA,NA,NA,0,0
"Egypt",2019,95.074285,44.209975,"EGY",NA,NA,NA,NA,0,0
"Egypt",2020,278.482935,96.051834,"EGY",NA,NA,NA,NA,0,0
"Egypt",2021,317.003637,136.592351,"EGY",NA,NA,NA,NA,0,0
"Egypt",2022,433.952805,292.973003,"EGY",NA,NA,NA,NA,0,0
"Egypt",2023,472.097842,319.662223,"EGY",NA,NA,NA,NA,0,0
"Egypt",2024,214.539038,242.14487,"EGY",NA,NA,NA,NA,0,0
"El Salvador",2010,33.909809,20.697282,"SLV",NA,NA,NA,NA,0,0
"El Salvador",2011,8.044659,5.666217,"SLV",NA,NA,NA,NA,0,0
"El Salvador",2012,12.849851,9.000103,"SLV",NA,NA,NA,NA,0,0
"El Salvador",2013,9.6261,15.760546,"SLV",NA,NA,NA,NA,0,0
"El Salvador",2014,110.236576,12.55643,"SLV",NA,NA,NA,NA,0,0
"El Salvador",2015,29.390307,8.284402,"SLV",NA,NA,NA,NA,0,0
"El Salvador",2016,67.286774,18.719811,"SLV",NA,NA,NA,NA,0,0
"El Salvador",2017,17.916849,26.313056,"SLV",NA,NA,NA,NA,0,0
"El Salvador",2018,22.369918,20.153684,"SLV",NA,NA,NA,NA,0,0
"El Salvador",2019,143.504252,25.048234,"SLV",NA,NA,NA,NA,0,0
"El Salvador",2020,11.73,55.48108,"SLV",NA,NA,NA,NA,0,0
"El Salvador",2021,51.441182,41.360128,"SLV",NA,NA,NA,NA,0,0
"El Salvador",2022,210.030828,48.472828,"SLV",NA,NA,NA,NA,0,0
"El Salvador",2023,79.310461,83.870802,"SLV",NA,NA,NA,NA,0,0
"El Salvador",2024,15.576642,56.273606,"SLV",NA,NA,NA,NA,0,0
"Equatorial Guinea",2010,0.050515,0.050515,"GNQ",NA,NA,NA,NA,0,0
"Equatorial Guinea",2011,0.135503,0.098333,"GNQ",NA,NA,NA,NA,0,0
"Equatorial Guinea",2012,0.86031,0.86031,"GNQ",NA,NA,NA,NA,0,0
"Equatorial Guinea",2013,0.009709,0.009624,"GNQ",NA,NA,NA,NA,0,0
"Equatorial Guinea",2014,0.337558,0.136914,"GNQ",NA,NA,NA,NA,0,0
"Equatorial Guinea",2015,0.027633,0.367791,"GNQ",NA,NA,NA,NA,0,0
"Equatorial Guinea",2016,0,0.098734,"GNQ",NA,NA,NA,NA,0,0
"Equatorial Guinea",2017,0.03205,0.03205,"GNQ",NA,NA,NA,NA,0,0
"Equatorial Guinea",2018,0,0.065583,"GNQ",NA,NA,NA,NA,0,0
"Equatorial Guinea",2019,8.032768,0.020881,"GNQ",NA,NA,NA,NA,0,0
"Equatorial Guinea",2020,0.161962,0.161962,"GNQ",NA,NA,NA,NA,0,0
"Equatorial Guinea",2021,0.353853,0.312234,"GNQ",NA,NA,NA,NA,0,0
"Equatorial Guinea",2022,1.132402,1.272003,"GNQ",NA,NA,NA,NA,0,0
"Equatorial Guinea",2023,4.872878,0.362017,"GNQ",NA,NA,NA,NA,0,0
"Equatorial Guinea",2024,2.419405,1.55206,"GNQ",NA,NA,NA,NA,0,0
"Eritrea",2010,1.004062,5.086869,"ERI",NA,NA,NA,NA,0,0
"Eritrea",2011,0.371734,0.567152,"ERI",NA,NA,NA,NA,0,0
"Eritrea",2012,0.261934,0.976004,"ERI",NA,NA,NA,NA,0,0
"Eritrea",2013,0.052797,6.914081,"ERI",NA,NA,NA,NA,0,0
"Eritrea",2014,0.419286,4.408485,"ERI",NA,NA,NA,NA,0,0
"Eritrea",2015,10.99369,12.89783,"ERI",NA,NA,NA,NA,0,0
"Eritrea",2016,18.694282,13.809066,"ERI",NA,NA,NA,NA,0,0
"Eritrea",2017,123.536315,8.017496,"ERI",NA,NA,NA,NA,0,0
"Eritrea",2018,0.373499,7.319483,"ERI",NA,NA,NA,NA,0,0
"Eritrea",2019,2.226619,11.603812,"ERI",NA,NA,NA,NA,0,0
"Eritrea",2020,2.060776,4.296097,"ERI",NA,NA,NA,NA,0,0
"Eritrea",2021,22.903451,5.356428,"ERI",NA,NA,NA,NA,0,0
"Eritrea",2022,2.277224,4.247113,"ERI",NA,NA,NA,NA,0,0
"Eritrea",2023,3.404411,5.077042,"ERI",NA,NA,NA,NA,0,0
"Eritrea",2024,4.769568,6.168589,"ERI",NA,NA,NA,NA,0,0
"Eswatini",2010,0,2.068857,"SWZ",NA,NA,NA,NA,0,0
"Eswatini",2011,17.818291,9.029839,"SWZ",NA,NA,NA,NA,0,0
"Eswatini",2012,10.162039,4.540802,"SWZ",NA,NA,NA,NA,0,0
"Eswatini",2013,0.691057,9.084861,"SWZ",NA,NA,NA,NA,0,0
"Eswatini",2014,0.228967,3.650375,"SWZ",NA,NA,NA,NA,0,0
"Eswatini",2015,32.419651,8.938587,"SWZ",NA,NA,NA,NA,0,0
"Eswatini",2016,9.006986,12.758387,"SWZ",NA,NA,NA,NA,0,0
"Eswatini",2017,0.162204,7.017773,"SWZ",NA,NA,NA,NA,0,0
"Eswatini",2018,11.507302,2.242174,"SWZ",NA,NA,NA,NA,0,0
"Eswatini",2019,10.289014,4.070635,"SWZ",NA,NA,NA,NA,0,0
"Eswatini",2020,8.94661,6.277446,"SWZ",NA,NA,NA,NA,0,0
"Eswatini",2021,11.153505,9.564634,"SWZ",NA,NA,NA,NA,0,0
"Eswatini",2022,14.976881,13.66433,"SWZ",NA,NA,NA,NA,0,0
"Eswatini",2023,11.104247,16.586,"SWZ",NA,NA,NA,NA,0,0
"Eswatini",2024,23.405976,14.695801,"SWZ",NA,NA,NA,NA,0,0
"Ethiopia",2010,321.410029,181.237052,"ETH","March 1, 2019","English","",2019-03-01,2019,0
"Ethiopia",2011,145.270443,169.874606,"ETH","March 1, 2019","English","",2019-03-01,2019,0
"Ethiopia",2012,269.24321,194.329988,"ETH","March 1, 2019","English","",2019-03-01,2019,0
"Ethiopia",2013,396.270617,517.825191,"ETH","March 1, 2019","English","",2019-03-01,2019,0
"Ethiopia",2014,211.427082,337.126966,"ETH","March 1, 2019","English","",2019-03-01,2019,0
"Ethiopia",2015,808.302391,546.166532,"ETH","March 1, 2019","English","",2019-03-01,2019,0
"Ethiopia",2016,722.478431,666.66392,"ETH","March 1, 2019","English","",2019-03-01,2019,0
"Ethiopia",2017,623.108038,679.15684,"ETH","March 1, 2019","English","",2019-03-01,2019,0
"Ethiopia",2018,588.997293,620.586872,"ETH","March 1, 2019","English","",2019-03-01,2019,0
"Ethiopia",2019,707.618397,665.615158,"ETH","March 1, 2019","English","",2019-03-01,2019,1
"Ethiopia",2020,744.384562,695.347858,"ETH","March 1, 2019","English","",2019-03-01,2019,1
"Ethiopia",2021,477.840583,523.200002,"ETH","March 1, 2019","English","",2019-03-01,2019,1
"Ethiopia",2022,749.106364,662.192163,"ETH","March 1, 2019","English","",2019-03-01,2019,1
"Ethiopia",2023,1263.716324,752.062593,"ETH","March 1, 2019","English","",2019-03-01,2019,1
"Ethiopia",2024,911.506073,894.134941,"ETH","March 1, 2019","English","",2019-03-01,2019,1
"Fiji",2010,0.38391,0.594063,"FJI","December 12, 2018","English","",2018-12-12,2018,0
"Fiji",2011,8.829438,5.583896,"FJI","December 12, 2018","English","",2018-12-12,2018,0
"Fiji",2012,8.765274,8.415664,"FJI","December 12, 2018","English","",2018-12-12,2018,0
"Fiji",2013,2.331016,6.877273,"FJI","December 12, 2018","English","",2018-12-12,2018,0
"Fiji",2014,3.806469,6.627435,"FJI","December 12, 2018","English","",2018-12-12,2018,0
"Fiji",2015,50.71308,22.7748,"FJI","December 12, 2018","English","",2018-12-12,2018,0
"Fiji",2016,34.376567,18.873761,"FJI","December 12, 2018","English","",2018-12-12,2018,0
"Fiji",2017,34.633401,39.61688,"FJI","December 12, 2018","English","",2018-12-12,2018,0
"Fiji",2018,26.838365,23.51805,"FJI","December 12, 2018","English","",2018-12-12,2018,1
"Fiji",2019,32.923254,39.600256,"FJI","December 12, 2018","English","",2018-12-12,2018,1
"Fiji",2020,118.65288,80.720155,"FJI","December 12, 2018","English","",2018-12-12,2018,1
"Fiji",2021,200.9467,218.193615,"FJI","December 12, 2018","English","",2018-12-12,2018,1
"Fiji",2022,121.723372,124.357738,"FJI","December 12, 2018","English","",2018-12-12,2018,1
"Fiji",2023,103.380069,88.129326,"FJI","December 12, 2018","English","",2018-12-12,2018,1
"Fiji",2024,102.3918,57.293065,"FJI","December 12, 2018","English","",2018-12-12,2018,1
"Gabon",2010,74.156922,0.102281,"GAB",NA,NA,NA,NA,0,0
"Gabon",2011,17.999565,0.930771,"GAB",NA,NA,NA,NA,0,0
"Gabon",2012,0.394186,0.445677,"GAB",NA,NA,NA,NA,0,0
"Gabon",2013,0.902582,1.703389,"GAB",NA,NA,NA,NA,0,0
"Gabon",2014,144.339928,1.152877,"GAB",NA,NA,NA,NA,0,0
"Gabon",2015,0.043087,4.441117,"GAB",NA,NA,NA,NA,0,0
"Gabon",2016,1.044263,3.603082,"GAB",NA,NA,NA,NA,0,0
"Gabon",2017,0.217202,4.073168,"GAB",NA,NA,NA,NA,0,0
"Gabon",2018,7.969216,1.953893,"GAB",NA,NA,NA,NA,0,0
"Gabon",2019,8.385829,0.193679,"GAB",NA,NA,NA,NA,0,0
"Gabon",2020,4.388276,2.141207,"GAB",NA,NA,NA,NA,0,0
"Gabon",2021,31.523815,5.181778,"GAB",NA,NA,NA,NA,0,0
"Gabon",2022,7.617734,2.26441,"GAB",NA,NA,NA,NA,0,0
"Gabon",2023,1.576638,4.951517,"GAB",NA,NA,NA,NA,0,0
"Gabon",2024,11.117169,2.12813,"GAB",NA,NA,NA,NA,0,0
"Gambia",2010,10.295207,4.313311,"GMB",NA,NA,NA,NA,0,0
"Gambia",2011,5.597277,2.283153,"GMB",NA,NA,NA,NA,0,0
"Gambia",2012,5.975725,4.160626,"GMB",NA,NA,NA,NA,0,0
"Gambia",2013,0.120863,2.144172,"GMB",NA,NA,NA,NA,0,0
"Gambia",2014,6.906162,1.460649,"GMB",NA,NA,NA,NA,0,0
"Gambia",2015,0.032128,2.117825,"GMB",NA,NA,NA,NA,0,0
"Gambia",2016,40.136361,3.399121,"GMB",NA,NA,NA,NA,0,0
"Gambia",2017,68.305955,4.918136,"GMB",NA,NA,NA,NA,0,0
"Gambia",2018,2.556111,7.456008,"GMB",NA,NA,NA,NA,0,0
"Gambia",2019,14.215104,21.430866,"GMB",NA,NA,NA,NA,0,0
"Gambia",2020,41.240001,13.019069,"GMB",NA,NA,NA,NA,0,0
"Gambia",2021,25.39836,12.343797,"GMB",NA,NA,NA,NA,0,0
"Gambia",2022,11.852794,7.00797,"GMB",NA,NA,NA,NA,0,0
"Gambia",2023,32.00537,23.527596,"GMB",NA,NA,NA,NA,0,0
"Gambia",2024,39.186239,13.406507,"GMB",NA,NA,NA,NA,0,0
"Georgia",2010,2.909465,4.552766,"GEO",NA,NA,NA,NA,0,0
"Georgia",2011,62.068723,9.107347,"GEO",NA,NA,NA,NA,0,0
"Georgia",2012,88.020794,32.790238,"GEO",NA,NA,NA,NA,0,0
"Georgia",2013,13.852119,21.237012,"GEO",NA,NA,NA,NA,0,0
"Georgia",2014,52.244919,27.702177,"GEO",NA,NA,NA,NA,0,0
"Georgia",2015,142.280589,50.200995,"GEO",NA,NA,NA,NA,0,0
"Georgia",2016,177.617638,63.278042,"GEO",NA,NA,NA,NA,0,0
"Georgia",2017,9.734146,65.129264,"GEO",NA,NA,NA,NA,0,0
"Georgia",2018,133.640842,66.318589,"GEO",NA,NA,NA,NA,0,0
"Georgia",2019,165.603655,72.166807,"GEO",NA,NA,NA,NA,0,0
"Georgia",2020,272.258551,77.327513,"GEO",NA,NA,NA,NA,0,0
"Georgia",2021,66.144361,62.906669,"GEO",NA,NA,NA,NA,0,0
"Georgia",2022,156.030717,75.796596,"GEO",NA,NA,NA,NA,0,0
"Georgia",2023,113.160518,84.64579,"GEO",NA,NA,NA,NA,0,0
"Georgia",2024,195.796751,96.505054,"GEO",NA,NA,NA,NA,0,0
"Ghana",2010,9.190976,19.398786,"GHA",NA,NA,NA,NA,0,0
"Ghana",2011,17.669006,23.760947,"GHA",NA,NA,NA,NA,0,0
"Ghana",2012,59.784579,20.306528,"GHA",NA,NA,NA,NA,0,0
"Ghana",2013,79.491337,63.292392,"GHA",NA,NA,NA,NA,0,0
"Ghana",2014,87.171551,75.986012,"GHA",NA,NA,NA,NA,0,0
"Ghana",2015,60.354706,81.16396,"GHA",NA,NA,NA,NA,0,0
"Ghana",2016,136.73058,57.168419,"GHA",NA,NA,NA,NA,0,0
"Ghana",2017,285.816518,64.890702,"GHA",NA,NA,NA,NA,0,0
"Ghana",2018,83.541252,71.004603,"GHA",NA,NA,NA,NA,0,0
"Ghana",2019,64.784496,53.288794,"GHA",NA,NA,NA,NA,0,0
"Ghana",2020,82.279509,62.543423,"GHA",NA,NA,NA,NA,0,0
"Ghana",2021,376.920889,126.764195,"GHA",NA,NA,NA,NA,0,0
"Ghana",2022,287.341386,160.757241,"GHA",NA,NA,NA,NA,0,0
"Ghana",2023,233.174529,201.936675,"GHA",NA,NA,NA,NA,0,0
"Ghana",2024,220.234424,224.817005,"GHA",NA,NA,NA,NA,0,0
"Grenada",2010,0,0.178345,"GRD","November 6, 2019","English","",2019-11-06,2019,0
"Grenada",2011,0.41862,0.754275,"GRD","November 6, 2019","English","",2019-11-06,2019,0
"Grenada",2012,0.013818,0.250693,"GRD","November 6, 2019","English","",2019-11-06,2019,0
"Grenada",2013,0.063639,2.961258,"GRD","November 6, 2019","English","",2019-11-06,2019,0
"Grenada",2014,0.839481,2.796567,"GRD","November 6, 2019","English","",2019-11-06,2019,0
"Grenada",2015,10.433057,2.256383,"GRD","November 6, 2019","English","",2019-11-06,2019,0
"Grenada",2016,2.09661,1.264221,"GRD","November 6, 2019","English","",2019-11-06,2019,0
"Grenada",2017,9.592642,0.994621,"GRD","November 6, 2019","English","",2019-11-06,2019,0
"Grenada",2018,3.03628,4.186652,"GRD","November 6, 2019","English","",2019-11-06,2019,0
"Grenada",2019,6.510549,1.234866,"GRD","November 6, 2019","English","",2019-11-06,2019,1
"Grenada",2020,1.451454,0.986284,"GRD","November 6, 2019","English","",2019-11-06,2019,1
"Grenada",2021,3.250213,4.176675,"GRD","November 6, 2019","English","",2019-11-06,2019,1
"Grenada",2022,2.388991,0.952288,"GRD","November 6, 2019","English","",2019-11-06,2019,1
"Grenada",2023,5.303938,3.68809,"GRD","November 6, 2019","English","",2019-11-06,2019,1
"Grenada",2024,6.155772,2.519728,"GRD","November 6, 2019","English","",2019-11-06,2019,1
"Guatemala",2010,28.111052,16.573013,"GTM","August 2, 2019","Spanish","",2019-08-02,2019,0
"Guatemala",2011,17.853666,14.305711,"GTM","August 2, 2019","Spanish","",2019-08-02,2019,0
"Guatemala",2012,33.560277,23.341492,"GTM","August 2, 2019","Spanish","",2019-08-02,2019,0
"Guatemala",2013,37.233623,38.736623,"GTM","August 2, 2019","Spanish","",2019-08-02,2019,0
"Guatemala",2014,45.779465,42.322594,"GTM","August 2, 2019","Spanish","",2019-08-02,2019,0
"Guatemala",2015,82.598851,43.042136,"GTM","August 2, 2019","Spanish","",2019-08-02,2019,0
"Guatemala",2016,74.865435,78.774268,"GTM","August 2, 2019","Spanish","",2019-08-02,2019,0
"Guatemala",2017,60.274594,65.487649,"GTM","August 2, 2019","Spanish","",2019-08-02,2019,0
"Guatemala",2018,44.217267,32.223348,"GTM","August 2, 2019","Spanish","",2019-08-02,2019,0
"Guatemala",2019,47.317207,38.989294,"GTM","August 2, 2019","Spanish","",2019-08-02,2019,1
"Guatemala",2020,45.266089,46.204878,"GTM","August 2, 2019","Spanish","",2019-08-02,2019,1
"Guatemala",2021,81.792028,60.572324,"GTM","August 2, 2019","Spanish","",2019-08-02,2019,1
"Guatemala",2022,99.000732,60.864112,"GTM","August 2, 2019","Spanish","",2019-08-02,2019,1
"Guatemala",2023,52.70859,57.484114,"GTM","August 2, 2019","Spanish","",2019-08-02,2019,1
"Guatemala",2024,79.84859,89.230041,"GTM","August 2, 2019","Spanish","",2019-08-02,2019,1
"Guinea",2010,0.959649,0.955638,"GIN",NA,NA,NA,NA,0,0
"Guinea",2011,9.763219,1.612489,"GIN",NA,NA,NA,NA,0,0
"Guinea",2012,0.496998,3.261334,"GIN",NA,NA,NA,NA,0,0
"Guinea",2013,34.666691,4.781069,"GIN",NA,NA,NA,NA,0,0
"Guinea",2014,10.923572,1.546159,"GIN",NA,NA,NA,NA,0,0
"Guinea",2015,2.284611,3.845401,"GIN",NA,NA,NA,NA,0,0
"Guinea",2016,13.041115,6.49745,"GIN",NA,NA,NA,NA,0,0
"Guinea",2017,64.180253,11.833581,"GIN",NA,NA,NA,NA,0,0
"Guinea",2018,36.700266,10.737086,"GIN",NA,NA,NA,NA,0,0
"Guinea",2019,30.364293,17.24412,"GIN",NA,NA,NA,NA,0,0
"Guinea",2020,122.606573,15.420087,"GIN",NA,NA,NA,NA,0,0
"Guinea",2021,25.673721,18.275795,"GIN",NA,NA,NA,NA,0,0
"Guinea",2022,52.694691,45.215102,"GIN",NA,NA,NA,NA,0,0
"Guinea",2023,99.457553,52.137743,"GIN",NA,NA,NA,NA,0,0
"Guinea",2024,115.663279,56.511241,"GIN",NA,NA,NA,NA,0,0
"Guinea-Bissau",2010,0.577569,1.071484,"GNB",NA,NA,NA,NA,0,0
"Guinea-Bissau",2011,1.605239,1.671943,"GNB",NA,NA,NA,NA,0,0
"Guinea-Bissau",2012,5.101023,4.243468,"GNB",NA,NA,NA,NA,0,0
"Guinea-Bissau",2013,0.793425,4.392672,"GNB",NA,NA,NA,NA,0,0
"Guinea-Bissau",2014,6.113009,1.537769,"GNB",NA,NA,NA,NA,0,0
"Guinea-Bissau",2015,31.9967,4.095091,"GNB",NA,NA,NA,NA,0,0
"Guinea-Bissau",2016,16.162891,7.059705,"GNB",NA,NA,NA,NA,0,0
"Guinea-Bissau",2017,12.856398,5.810781,"GNB",NA,NA,NA,NA,0,0
"Guinea-Bissau",2018,66.32796,10.187013,"GNB",NA,NA,NA,NA,0,0
"Guinea-Bissau",2019,2.868889,6.748981,"GNB",NA,NA,NA,NA,0,0
"Guinea-Bissau",2020,12.628295,10.254283,"GNB",NA,NA,NA,NA,0,0
"Guinea-Bissau",2021,4.434867,6.546253,"GNB",NA,NA,NA,NA,0,0
"Guinea-Bissau",2022,30.026015,7.082086,"GNB",NA,NA,NA,NA,0,0
"Guinea-Bissau",2023,30.886165,16.949886,"GNB",NA,NA,NA,NA,0,0
"Guinea-Bissau",2024,7.890678,5.210956,"GNB",NA,NA,NA,NA,0,0
"Guyana",2010,0.85153,6.352214,"GUY",NA,NA,NA,NA,0,0
"Guyana",2011,4.809015,6.867927,"GUY",NA,NA,NA,NA,0,0
"Guyana",2012,0.097507,5.794735,"GUY",NA,NA,NA,NA,0,0
"Guyana",2013,62.767453,5.539508,"GUY",NA,NA,NA,NA,0,0
"Guyana",2014,81.71889,95.153231,"GUY",NA,NA,NA,NA,0,0
"Guyana",2015,4.655736,8.804424,"GUY",NA,NA,NA,NA,0,0
"Guyana",2016,50.593709,19.700442,"GUY",NA,NA,NA,NA,0,0
"Guyana",2017,0.045024,11.41253,"GUY",NA,NA,NA,NA,0,0
"Guyana",2018,0.596995,30.985726,"GUY",NA,NA,NA,NA,0,0
"Guyana",2019,4.332445,1.875415,"GUY",NA,NA,NA,NA,0,0
"Guyana",2020,203.170798,13.817895,"GUY",NA,NA,NA,NA,0,0
"Guyana",2021,7.122379,14.994171,"GUY",NA,NA,NA,NA,0,0
"Guyana",2022,6.654311,3.256522,"GUY",NA,NA,NA,NA,0,0
"Guyana",2023,6.353181,7.420388,"GUY",NA,NA,NA,NA,0,0
"Guyana",2024,8.157959,7.674324,"GUY",NA,NA,NA,NA,0,0
"Haiti",2010,22.641117,18.111016,"HTI","January 5, 2023","French","",2023-01-05,2023,0
"Haiti",2011,54.887784,29.307504,"HTI","January 5, 2023","French","",2023-01-05,2023,0
"Haiti",2012,31.625494,24.811181,"HTI","January 5, 2023","French","",2023-01-05,2023,0
"Haiti",2013,81.698215,29.007852,"HTI","January 5, 2023","French","",2023-01-05,2023,0
"Haiti",2014,44.587045,42.345834,"HTI","January 5, 2023","French","",2023-01-05,2023,0
"Haiti",2015,110.741009,42.718966,"HTI","January 5, 2023","French","",2023-01-05,2023,0
"Haiti",2016,109.569457,67.66157,"HTI","January 5, 2023","French","",2023-01-05,2023,0
"Haiti",2017,255.489712,77.989485,"HTI","January 5, 2023","French","",2023-01-05,2023,0
"Haiti",2018,190.78123,91.670291,"HTI","January 5, 2023","French","",2023-01-05,2023,0
"Haiti",2019,90.282577,68.872031,"HTI","January 5, 2023","French","",2023-01-05,2023,0
"Haiti",2020,217.098103,62.422377,"HTI","January 5, 2023","French","",2023-01-05,2023,0
"Haiti",2021,40.868557,83.314533,"HTI","January 5, 2023","French","",2023-01-05,2023,0
"Haiti",2022,80.232898,73.07308,"HTI","January 5, 2023","French","",2023-01-05,2023,0
"Haiti",2023,115.129821,102.560819,"HTI","January 5, 2023","French","",2023-01-05,2023,1
"Haiti",2024,124.137999,132.747268,"HTI","January 5, 2023","French","",2023-01-05,2023,1
"Honduras",2010,25.400068,17.344175,"HND",NA,NA,NA,NA,0,0
"Honduras",2011,44.989305,24.546007,"HND",NA,NA,NA,NA,0,0
"Honduras",2012,77.664028,45.570776,"HND",NA,NA,NA,NA,0,0
"Honduras",2013,50.555802,37.645626,"HND",NA,NA,NA,NA,0,0
"Honduras",2014,82.902078,36.236996,"HND",NA,NA,NA,NA,0,0
"Honduras",2015,81.778491,52.424294,"HND",NA,NA,NA,NA,0,0
"Honduras",2016,49.424769,95.970042,"HND",NA,NA,NA,NA,0,0
"Honduras",2017,67.942977,73.270459,"HND",NA,NA,NA,NA,0,0
"Honduras",2018,93.0861,111.993953,"HND",NA,NA,NA,NA,0,0
"Honduras",2019,81.808374,105.668826,"HND",NA,NA,NA,NA,0,0
"Honduras",2020,34.467415,70.642528,"HND",NA,NA,NA,NA,0,0
"Honduras",2021,133.677262,63.057448,"HND",NA,NA,NA,NA,0,0
"Honduras",2022,76.681177,128.647812,"HND",NA,NA,NA,NA,0,0
"Honduras",2023,122.316055,78.208138,"HND",NA,NA,NA,NA,0,0
"Honduras",2024,96.45468,84.073266,"HND",NA,NA,NA,NA,0,0
"India",2010,124.989459,80.784152,"IND",NA,NA,NA,NA,0,0
"India",2011,239.001087,134.03661,"IND",NA,NA,NA,NA,0,0
"India",2012,918.425607,85.379711,"IND",NA,NA,NA,NA,0,0
"India",2013,177.313427,139.248157,"IND",NA,NA,NA,NA,0,0
"India",2014,512.458004,135.252363,"IND",NA,NA,NA,NA,0,0
"India",2015,587.539948,164.05128,"IND",NA,NA,NA,NA,0,0
"India",2016,691.816769,252.973103,"IND",NA,NA,NA,NA,0,0
"India",2017,1149.15898,314.859422,"IND",NA,NA,NA,NA,0,0
"India",2018,860.913447,301.623613,"IND",NA,NA,NA,NA,0,0
"India",2019,720.474976,293.910301,"IND",NA,NA,NA,NA,0,0
"India",2020,1750.008165,307.926692,"IND",NA,NA,NA,NA,0,0
"India",2021,1000.760067,890.705352,"IND",NA,NA,NA,NA,0,0
"India",2022,2100.591333,991.647072,"IND",NA,NA,NA,NA,0,0
"India",2023,1228.593212,463.414217,"IND",NA,NA,NA,NA,0,0
"India",2024,1034.650282,900.95902,"IND",NA,NA,NA,NA,0,0
"Indonesia",2009,1.587759,0.279389,"IDN",NA,NA,NA,NA,0,0
"Indonesia",2010,416.917076,253.505245,"IDN",NA,NA,NA,NA,0,0
"Indonesia",2011,95.847246,104.669808,"IDN",NA,NA,NA,NA,0,0
"Indonesia",2012,143.735079,98.03585,"IDN",NA,NA,NA,NA,0,0
"Indonesia",2013,168.326757,206.752539,"IDN",NA,NA,NA,NA,0,0
"Indonesia",2014,207.683224,171.761584,"IDN",NA,NA,NA,NA,0,0
"Indonesia",2015,251.41269,281.786312,"IDN",NA,NA,NA,NA,0,0
"Indonesia",2016,235.653296,254.584781,"IDN",NA,NA,NA,NA,0,0
"Indonesia",2017,837.906809,228.512997,"IDN",NA,NA,NA,NA,0,0
"Indonesia",2018,205.64996,175.234353,"IDN",NA,NA,NA,NA,0,0
"Indonesia",2019,515.780585,179.784646,"IDN",NA,NA,NA,NA,0,0
"Indonesia",2020,1580.23409,784.598353,"IDN",NA,NA,NA,NA,0,0
"Indonesia",2021,970.637854,876.529661,"IDN",NA,NA,NA,NA,0,0
"Indonesia",2022,494.819037,341.691466,"IDN",NA,NA,NA,NA,0,0
"Indonesia",2023,1218.527044,864.38236,"IDN",NA,NA,NA,NA,0,0
"Indonesia",2024,1284.131305,913.368725,"IDN",NA,NA,NA,NA,0,0
"Iran",2010,0.071549,0.071549,"IRN",NA,NA,NA,NA,0,0
"Iran",2013,0.76291,0.750867,"IRN",NA,NA,NA,NA,0,0
"Iran",2014,1.806209,1.706179,"IRN",NA,NA,NA,NA,0,0
"Iran",2015,3.244301,3.410583,"IRN",NA,NA,NA,NA,0,0
"Iran",2016,2.790827,3.093762,"IRN",NA,NA,NA,NA,0,0
"Iran",2017,3.081433,2.360704,"IRN",NA,NA,NA,NA,0,0
"Iran",2018,23.955428,1.126583,"IRN",NA,NA,NA,NA,0,0
"Iran",2019,30.547061,8.960765,"IRN",NA,NA,NA,NA,0,0
"Iran",2020,11.919025,12.369894,"IRN",NA,NA,NA,NA,0,0
"Iran",2021,16.542893,16.323029,"IRN",NA,NA,NA,NA,0,0
"Iran",2022,23.699352,25.835594,"IRN",NA,NA,NA,NA,0,0
"Iran",2023,1.95316,3.803961,"IRN",NA,NA,NA,NA,0,0
"Iran",2024,4.023061,2.624259,"IRN",NA,NA,NA,NA,0,0
"Iraq",2010,303.179936,4.950291,"IRQ",NA,NA,NA,NA,0,0
"Iraq",2011,15.753986,16.912134,"IRQ",NA,NA,NA,NA,0,0
"Iraq",2012,25.464408,28.0721,"IRQ",NA,NA,NA,NA,0,0
"Iraq",2013,9.382349,11.662243,"IRQ",NA,NA,NA,NA,0,0
"Iraq",2014,5.070104,11.300789,"IRQ",NA,NA,NA,NA,0,0
"Iraq",2015,2.830714,5.440691,"IRQ",NA,NA,NA,NA,0,0
"Iraq",2016,16.977111,15.934848,"IRQ",NA,NA,NA,NA,0,0
"Iraq",2017,169.290691,144.389181,"IRQ",NA,NA,NA,NA,0,0
"Iraq",2018,372.827994,22.718937,"IRQ",NA,NA,NA,NA,0,0
"Iraq",2019,118.139394,50.91994,"IRQ",NA,NA,NA,NA,0,0
"Iraq",2020,174.709386,103.520153,"IRQ",NA,NA,NA,NA,0,0
"Iraq",2021,161.862677,82.886264,"IRQ",NA,NA,NA,NA,0,0
"Iraq",2022,169.680607,96.81233,"IRQ",NA,NA,NA,NA,0,0
"Iraq",2023,425.307932,77.910151,"IRQ",NA,NA,NA,NA,0,0
"Iraq",2024,71.087828,76.806942,"IRQ",NA,NA,NA,NA,0,0
"Jamaica",2010,4.909114,7.546009,"JAM",NA,NA,NA,NA,0,0
"Jamaica",2011,47.584999,4.135757,"JAM",NA,NA,NA,NA,0,0
"Jamaica",2012,8.296325,6.091936,"JAM",NA,NA,NA,NA,0,0
"Jamaica",2013,3.043988,9.759577,"JAM",NA,NA,NA,NA,0,0
"Jamaica",2014,25.686325,29.13124,"JAM",NA,NA,NA,NA,0,0
"Jamaica",2015,19.299042,19.575113,"JAM",NA,NA,NA,NA,0,0
"Jamaica",2016,2.438531,6.293528,"JAM",NA,NA,NA,NA,0,0
"Jamaica",2017,33.05673,6.518476,"JAM",NA,NA,NA,NA,0,0
"Jamaica",2018,2.069478,6.782973,"JAM",NA,NA,NA,NA,0,0
"Jamaica",2019,6.155012,4.74175,"JAM",NA,NA,NA,NA,0,0
"Jamaica",2020,49.836466,9.511816,"JAM",NA,NA,NA,NA,0,0
"Jamaica",2021,2.549965,9.834049,"JAM",NA,NA,NA,NA,0,0
"Jamaica",2022,6.181819,11.751268,"JAM",NA,NA,NA,NA,0,0
"Jamaica",2023,599.65966,141.595066,"JAM",NA,NA,NA,NA,0,0
"Jamaica",2024,44.803551,329.124838,"JAM",NA,NA,NA,NA,0,0
"Jordan",2009,0,0,"JOR",NA,NA,NA,NA,0,0
"Jordan",2010,14.256565,16.008128,"JOR",NA,NA,NA,NA,0,0
"Jordan",2011,27.034719,32.886495,"JOR",NA,NA,NA,NA,0,0
"Jordan",2012,97.440597,21.919227,"JOR",NA,NA,NA,NA,0,0
"Jordan",2013,223.552459,88.370806,"JOR",NA,NA,NA,NA,0,0
"Jordan",2014,130.827893,32.679139,"JOR",NA,NA,NA,NA,0,0
"Jordan",2015,388.685888,162.935978,"JOR",NA,NA,NA,NA,0,0
"Jordan",2016,190.780244,300.686328,"JOR",NA,NA,NA,NA,0,0
"Jordan",2017,429.630904,375.620807,"JOR",NA,NA,NA,NA,0,0
"Jordan",2018,229.498612,292.536191,"JOR",NA,NA,NA,NA,0,0
"Jordan",2019,523.159693,301.831272,"JOR",NA,NA,NA,NA,0,0
"Jordan",2020,376.729757,295.338909,"JOR",NA,NA,NA,NA,0,0
"Jordan",2021,423.556738,208.647991,"JOR",NA,NA,NA,NA,0,0
"Jordan",2022,396.877029,427.770777,"JOR",NA,NA,NA,NA,0,0
"Jordan",2023,417.433884,260.774901,"JOR",NA,NA,NA,NA,0,0
"Jordan",2024,515.172706,365.875657,"JOR",NA,NA,NA,NA,0,0
"Kazakhstan",2010,0.28737,0.423782,"KAZ",NA,NA,NA,NA,0,0
"Kazakhstan",2011,0.687956,1.131304,"KAZ",NA,NA,NA,NA,0,0
"Kazakhstan",2012,0.323431,2.629416,"KAZ",NA,NA,NA,NA,0,0
"Kazakhstan",2013,12.506186,0.438495,"KAZ",NA,NA,NA,NA,0,0
"Kazakhstan",2014,0.954967,0.068985,"KAZ",NA,NA,NA,NA,0,0
"Kazakhstan",2015,5.952863,4.357212,"KAZ",NA,NA,NA,NA,0,0
"Kazakhstan",2016,8.239093,9.015992,"KAZ",NA,NA,NA,NA,0,0
"Kazakhstan",2017,5.174995,8.585342,"KAZ",NA,NA,NA,NA,0,0
"Kazakhstan",2018,2.364279,2.578671,"KAZ",NA,NA,NA,NA,0,0
"Kazakhstan",2019,12.436591,1.756266,"KAZ",NA,NA,NA,NA,0,0
"Kazakhstan",2020,0.741288,2.116321,"KAZ",NA,NA,NA,NA,0,0
"Kazakhstan",2021,4.637655,5.455043,"KAZ",NA,NA,NA,NA,0,0
"Kazakhstan",2022,6.417486,4.783606,"KAZ",NA,NA,NA,NA,0,0
"Kazakhstan",2023,11.050648,5.435555,"KAZ",NA,NA,NA,NA,0,0
"Kazakhstan",2024,94.301701,6.829598,"KAZ",NA,NA,NA,NA,0,0
"Kenya",2010,328.574067,55.553333,"KEN","February 28, 2017","English","",2017-02-28,2017,0
"Kenya",2011,154.0183,133.980279,"KEN","February 28, 2017","English","",2017-02-28,2017,0
"Kenya",2012,319.785003,120.724285,"KEN","February 28, 2017","English","",2017-02-28,2017,0
"Kenya",2013,216.182824,172.983856,"KEN","February 28, 2017","English","",2017-02-28,2017,0
"Kenya",2014,200.38351,186.851649,"KEN","February 28, 2017","English","",2017-02-28,2017,0
"Kenya",2015,695.273625,304.824339,"KEN","February 28, 2017","English","",2017-02-28,2017,0
"Kenya",2016,236.698778,324.794488,"KEN","February 28, 2017","English","",2017-02-28,2017,0
"Kenya",2017,266.131607,357.843793,"KEN","February 28, 2017","English","",2017-02-28,2017,1
"Kenya",2018,210.313982,342.615026,"KEN","February 28, 2017","English","",2017-02-28,2017,1
"Kenya",2019,393.543916,387.883154,"KEN","February 28, 2017","English","",2017-02-28,2017,1
"Kenya",2020,690.944476,280.622997,"KEN","February 28, 2017","English","",2017-02-28,2017,1
"Kenya",2021,206.735853,298.689663,"KEN","February 28, 2017","English","",2017-02-28,2017,1
"Kenya",2022,637.126222,431.502151,"KEN","February 28, 2017","English","",2017-02-28,2017,1
"Kenya",2023,914.41112,415.862706,"KEN","February 28, 2017","English","",2017-02-28,2017,1
"Kenya",2024,581.808303,559.78409,"KEN","February 28, 2017","English","",2017-02-28,2017,1
"Kiribati",2010,1.532496,1.071163,"KIR","January 21, 2020","English","",2020-01-21,2020,0
"Kiribati",2011,23.958415,22.642652,"KIR","January 21, 2020","English","",2020-01-21,2020,0
"Kiribati",2012,9.108104,4.265611,"KIR","January 21, 2020","English","",2020-01-21,2020,0
"Kiribati",2013,17.088779,8.981332,"KIR","January 21, 2020","English","",2020-01-21,2020,0
"Kiribati",2014,5.455004,4.854851,"KIR","January 21, 2020","English","",2020-01-21,2020,0
"Kiribati",2015,1.984756,5.032668,"KIR","January 21, 2020","English","",2020-01-21,2020,0
"Kiribati",2016,35.545069,11.412959,"KIR","January 21, 2020","English","",2020-01-21,2020,0
"Kiribati",2017,14.655673,13.191069,"KIR","January 21, 2020","English","",2020-01-21,2020,0
"Kiribati",2018,12.629221,24.907824,"KIR","January 21, 2020","English","",2020-01-21,2020,0
"Kiribati",2019,50.447856,25.233472,"KIR","January 21, 2020","English","",2020-01-21,2020,0
"Kiribati",2020,15.804465,18.038865,"KIR","January 21, 2020","English","",2020-01-21,2020,1
"Kiribati",2021,44.282579,26.096182,"KIR","January 21, 2020","English","",2020-01-21,2020,1
"Kiribati",2022,22.471445,25.216784,"KIR","January 21, 2020","English","",2020-01-21,2020,1
"Kiribati",2023,23.836298,26.324759,"KIR","January 21, 2020","English","",2020-01-21,2020,1
"Kiribati",2024,20.39254,20.973022,"KIR","January 21, 2020","English","",2020-01-21,2020,1
"Kosovo",2010,4.431634,2.2658,"XKX",NA,NA,NA,NA,0,0
"Kosovo",2011,2.382311,9.682428,"XKX",NA,NA,NA,NA,0,0
"Kosovo",2012,5.125182,11.735454,"XKX",NA,NA,NA,NA,0,0
"Kosovo",2013,45.968915,12.381067,"XKX",NA,NA,NA,NA,0,0
"Kosovo",2014,12.105496,11.45597,"XKX",NA,NA,NA,NA,0,0
"Kosovo",2015,47.306396,7.785015,"XKX",NA,NA,NA,NA,0,0
"Kosovo",2016,17.308255,9.123445,"XKX",NA,NA,NA,NA,0,0
"Kosovo",2017,9.576263,8.722335,"XKX",NA,NA,NA,NA,0,0
"Kosovo",2018,11.647463,7.273717,"XKX",NA,NA,NA,NA,0,0
"Kosovo",2019,24.189827,7.89844,"XKX",NA,NA,NA,NA,0,0
"Kosovo",2020,14.158143,26.34068,"XKX",NA,NA,NA,NA,0,0
"Kosovo",2021,6.63324,19.700356,"XKX",NA,NA,NA,NA,0,0
"Kosovo",2022,105.304993,9.935437,"XKX",NA,NA,NA,NA,0,0
"Kosovo",2023,44.730819,42.178687,"XKX",NA,NA,NA,NA,0,0
"Kosovo",2024,26.76894,18.92542,"XKX",NA,NA,NA,NA,0,0
"Kyrgyzstan",2010,3.074143,4.752343,"KGZ",NA,NA,NA,NA,0,0
"Kyrgyzstan",2011,0.789476,1.862545,"KGZ",NA,NA,NA,NA,0,0
"Kyrgyzstan",2012,9.658625,1.508588,"KGZ",NA,NA,NA,NA,0,0
"Kyrgyzstan",2013,55.001604,1.927539,"KGZ",NA,NA,NA,NA,0,0
"Kyrgyzstan",2014,9.16213,4.230825,"KGZ",NA,NA,NA,NA,0,0
"Kyrgyzstan",2015,93.167578,10.557711,"KGZ",NA,NA,NA,NA,0,0
"Kyrgyzstan",2016,45.235679,15.883577,"KGZ",NA,NA,NA,NA,0,0
"Kyrgyzstan",2017,34.433861,18.46942,"KGZ",NA,NA,NA,NA,0,0
"Kyrgyzstan",2018,4.964897,16.89359,"KGZ",NA,NA,NA,NA,0,0
"Kyrgyzstan",2019,8.478482,24.897532,"KGZ",NA,NA,NA,NA,0,0
"Kyrgyzstan",2020,16.467024,29.682405,"KGZ",NA,NA,NA,NA,0,0
"Kyrgyzstan",2021,18.153022,40.438751,"KGZ",NA,NA,NA,NA,0,0
"Kyrgyzstan",2022,47.748823,46.91832,"KGZ",NA,NA,NA,NA,0,0
"Kyrgyzstan",2023,42.580133,33.757211,"KGZ",NA,NA,NA,NA,0,0
"Kyrgyzstan",2024,43.504191,35.990196,"KGZ",NA,NA,NA,NA,0,0
"Lao People's Democratic Republic",2010,25.492726,43.310402,"LAO",NA,NA,NA,NA,0,0
"Lao People's Democratic Republic",2011,55.653317,32.871476,"LAO",NA,NA,NA,NA,0,0
"Lao People's Democratic Republic",2012,64.921848,47.396992,"LAO",NA,NA,NA,NA,0,0
"Lao People's Democratic Republic",2013,53.422201,34.496062,"LAO",NA,NA,NA,NA,0,0
"Lao People's Democratic Republic",2014,67.674079,42.817499,"LAO",NA,NA,NA,NA,0,0
"Lao People's Democratic Republic",2015,91.634348,35.44335,"LAO",NA,NA,NA,NA,0,0
"Lao People's Democratic Republic",2016,202.672524,32.555842,"LAO",NA,NA,NA,NA,0,0
"Lao People's Democratic Republic",2017,49.696633,36.867049,"LAO",NA,NA,NA,NA,0,0
"Lao People's Democratic Republic",2018,49.506727,42.176714,"LAO",NA,NA,NA,NA,0,0
"Lao People's Democratic Republic",2019,137.459293,53.992467,"LAO",NA,NA,NA,NA,0,0
"Lao People's Democratic Republic",2020,101.094769,82.937806,"LAO",NA,NA,NA,NA,0,0
"Lao People's Democratic Republic",2021,75.73849,92.294926,"LAO",NA,NA,NA,NA,0,0
"Lao People's Democratic Republic",2022,97.978829,94.702492,"LAO",NA,NA,NA,NA,0,0
"Lao People's Democratic Republic",2023,118.515862,134.130965,"LAO",NA,NA,NA,NA,0,0
"Lao People's Democratic Republic",2024,159.8325,105.052061,"LAO",NA,NA,NA,NA,0,0
"Lebanon",2010,3.415065,13.531299,"LBN",NA,NA,NA,NA,0,0
"Lebanon",2011,20.135834,17.773722,"LBN",NA,NA,NA,NA,0,0
"Lebanon",2012,19.324591,10.545872,"LBN",NA,NA,NA,NA,0,0
"Lebanon",2013,1.029779,5.904854,"LBN",NA,NA,NA,NA,0,0
"Lebanon",2014,11.861234,16.574622,"LBN",NA,NA,NA,NA,0,0
"Lebanon",2015,6.848495,11.723604,"LBN",NA,NA,NA,NA,0,0
"Lebanon",2016,31.732534,23.144762,"LBN",NA,NA,NA,NA,0,0
"Lebanon",2017,25.183611,27.345532,"LBN",NA,NA,NA,NA,0,0
"Lebanon",2018,99.798497,30.098266,"LBN",NA,NA,NA,NA,0,0
"Lebanon",2019,8.47136,23.692364,"LBN",NA,NA,NA,NA,0,0
"Lebanon",2020,41.683947,40.665624,"LBN",NA,NA,NA,NA,0,0
"Lebanon",2021,60.574842,31.835663,"LBN",NA,NA,NA,NA,0,0
"Lebanon",2022,94.831066,66.006723,"LBN",NA,NA,NA,NA,0,0
"Lebanon",2023,170.893475,122.20576,"LBN",NA,NA,NA,NA,0,0
"Lebanon",2024,139.913125,139.930658,"LBN",NA,NA,NA,NA,0,0
"Lesotho",2010,3.675864,3.863264,"LSO",NA,NA,NA,NA,0,0
"Lesotho",2011,16.073387,15.959253,"LSO",NA,NA,NA,NA,0,0
"Lesotho",2012,31.280046,3.318028,"LSO",NA,NA,NA,NA,0,0
"Lesotho",2013,6.740845,2.746915,"LSO",NA,NA,NA,NA,0,0
"Lesotho",2014,19.980904,9.617635,"LSO",NA,NA,NA,NA,0,0
"Lesotho",2015,7.104394,8.165086,"LSO",NA,NA,NA,NA,0,0
"Lesotho",2016,15.93992,3.782507,"LSO",NA,NA,NA,NA,0,0
"Lesotho",2017,7.357353,1.650219,"LSO",NA,NA,NA,NA,0,0
"Lesotho",2018,36.809342,1.553214,"LSO",NA,NA,NA,NA,0,0
"Lesotho",2019,65.106873,5.006302,"LSO",NA,NA,NA,NA,0,0
"Lesotho",2020,46.795871,13.909598,"LSO",NA,NA,NA,NA,0,0
"Lesotho",2021,19.354882,17.795024,"LSO",NA,NA,NA,NA,0,0
"Lesotho",2022,11.770232,20.839832,"LSO",NA,NA,NA,NA,0,0
"Lesotho",2023,39.151542,20.605189,"LSO",NA,NA,NA,NA,0,0
"Lesotho",2024,15.287378,21.354946,"LSO",NA,NA,NA,NA,0,0
"Liberia",2010,10.694439,3.923651,"LBR","December 16, 2021","English","",2021-12-16,2021,0
"Liberia",2011,28.112913,9.329067,"LBR","December 16, 2021","English","",2021-12-16,2021,0
"Liberia",2012,70.01549,29.762941,"LBR","December 16, 2021","English","",2021-12-16,2021,0
"Liberia",2013,64.912353,48.185085,"LBR","December 16, 2021","English","",2021-12-16,2021,0
"Liberia",2014,27.705219,38.022275,"LBR","December 16, 2021","English","",2021-12-16,2021,0
"Liberia",2015,58.81952,47.055834,"LBR","December 16, 2021","English","",2021-12-16,2021,0
"Liberia",2016,73.762858,37.827888,"LBR","December 16, 2021","English","",2021-12-16,2021,0
"Liberia",2017,50.765498,40.231594,"LBR","December 16, 2021","English","",2021-12-16,2021,0
"Liberia",2018,63.387983,13.821695,"LBR","December 16, 2021","English","",2021-12-16,2021,0
"Liberia",2019,17.767111,57.428833,"LBR","December 16, 2021","English","",2021-12-16,2021,0
"Liberia",2020,29.041098,36.953414,"LBR","December 16, 2021","English","",2021-12-16,2021,0
"Liberia",2021,18.954207,44.219652,"LBR","December 16, 2021","English","",2021-12-16,2021,1
"Liberia",2022,67.343094,69.491863,"LBR","December 16, 2021","English","",2021-12-16,2021,1
"Liberia",2023,111.00498,76.063839,"LBR","December 16, 2021","English","",2021-12-16,2021,1
"Liberia",2024,87.252739,84.843269,"LBR","December 16, 2021","English","",2021-12-16,2021,1
"Libya",2010,0.021019,0.021019,"LBY",NA,NA,NA,NA,0,0
"Libya",2011,0.235992,0.231045,"LBY",NA,NA,NA,NA,0,0
"Libya",2012,1.214503,0.406894,"LBY",NA,NA,NA,NA,0,0
"Libya",2013,0,0.794095,"LBY",NA,NA,NA,NA,0,0
"Libya",2015,1.427762,0.691313,"LBY",NA,NA,NA,NA,0,0
"Libya",2016,0.321707,0.134677,"LBY",NA,NA,NA,NA,0,0
"Libya",2017,0.013177,0.013177,"LBY",NA,NA,NA,NA,0,0
"Libya",2019,0.001949,0.001949,"LBY",NA,NA,NA,NA,0,0
"Libya",2020,9.503166,9.518845,"LBY",NA,NA,NA,NA,0,0
"Libya",2021,13.294324,8.340558,"LBY",NA,NA,NA,NA,0,0
"Libya",2022,4.657711,5.464504,"LBY",NA,NA,NA,NA,0,0
"Libya",2023,24.084271,14.38352,"LBY",NA,NA,NA,NA,0,0
"Libya",2024,50.828521,39.750064,"LBY",NA,NA,NA,NA,0,0
"Madagascar",2010,1.664737,4.936812,"MDG","May 29, 2022","French","",2022-05-29,2022,0
"Madagascar",2011,14.389919,7.237245,"MDG","May 29, 2022","French","",2022-05-29,2022,0
"Madagascar",2012,53.016115,10.964415,"MDG","May 29, 2022","French","",2022-05-29,2022,0
"Madagascar",2013,50.045721,24.918007,"MDG","May 29, 2022","French","",2022-05-29,2022,0
"Madagascar",2014,58.678321,33.566832,"MDG","May 29, 2022","French","",2022-05-29,2022,0
"Madagascar",2015,136.171411,33.155501,"MDG","May 29, 2022","French","",2022-05-29,2022,0
"Madagascar",2016,175.097259,83.784541,"MDG","May 29, 2022","French","",2022-05-29,2022,0
"Madagascar",2017,335.655879,56.971718,"MDG","May 29, 2022","French","",2022-05-29,2022,0
"Madagascar",2018,169.092814,51.192463,"MDG","May 29, 2022","French","",2022-05-29,2022,0
"Madagascar",2019,125.835053,75.097211,"MDG","May 29, 2022","French","",2022-05-29,2022,0
"Madagascar",2020,157.089054,112.184094,"MDG","May 29, 2022","French","",2022-05-29,2022,0
"Madagascar",2021,117.739048,116.288729,"MDG","May 29, 2022","French","",2022-05-29,2022,0
"Madagascar",2022,326.666165,197.886489,"MDG","May 29, 2022","French","",2022-05-29,2022,1
"Madagascar",2023,273.755821,211.456402,"MDG","May 29, 2022","French","",2022-05-29,2022,1
"Madagascar",2024,484.720137,180.943273,"MDG","May 29, 2022","French","",2022-05-29,2022,1
"Malawi",2010,71.469247,27.793824,"MWI",NA,NA,NA,NA,0,0
"Malawi",2011,43.029626,46.254688,"MWI",NA,NA,NA,NA,0,0
"Malawi",2012,73.9764,65.157271,"MWI",NA,NA,NA,NA,0,0
"Malawi",2013,85.53375,86.251722,"MWI",NA,NA,NA,NA,0,0
"Malawi",2014,107.960927,109.15228,"MWI",NA,NA,NA,NA,0,0
"Malawi",2015,135.391373,96.94047,"MWI",NA,NA,NA,NA,0,0
"Malawi",2016,160.425929,121.72125,"MWI",NA,NA,NA,NA,0,0
"Malawi",2017,305.015389,110.548167,"MWI",NA,NA,NA,NA,0,0
"Malawi",2018,60.275342,106.688146,"MWI",NA,NA,NA,NA,0,0
"Malawi",2019,152.862891,145.699428,"MWI",NA,NA,NA,NA,0,0
"Malawi",2020,231.862831,121.029549,"MWI",NA,NA,NA,NA,0,0
"Malawi",2021,94.578425,110.582777,"MWI",NA,NA,NA,NA,0,0
"Malawi",2022,232.952953,117.867942,"MWI",NA,NA,NA,NA,0,0
"Malawi",2023,285.958406,218.430366,"MWI",NA,NA,NA,NA,0,0
"Malawi",2024,241.403178,231.541081,"MWI",NA,NA,NA,NA,0,0
"Malaysia",2010,2.81117,0.380414,"MYS",NA,NA,NA,NA,0,0
"Malaysia",2011,0.353264,1.272323,"MYS",NA,NA,NA,NA,0,0
"Malaysia",2012,7.724881,1.827778,"MYS",NA,NA,NA,NA,0,0
"Malaysia",2013,3.035486,2.883465,"MYS",NA,NA,NA,NA,0,0
"Malaysia",2014,1.230846,4.328446,"MYS",NA,NA,NA,NA,0,0
"Malaysia",2015,16.038992,4.063412,"MYS",NA,NA,NA,NA,0,0
"Malaysia",2016,1.048715,2.739786,"MYS",NA,NA,NA,NA,0,0
"Malaysia",2017,3.954851,4.820689,"MYS",NA,NA,NA,NA,0,0
"Malaysia",2018,0.635545,2.226108,"MYS",NA,NA,NA,NA,0,0
"Malaysia",2019,8.987971,4.216154,"MYS",NA,NA,NA,NA,0,0
"Malaysia",2020,12.740393,5.462884,"MYS",NA,NA,NA,NA,0,0
"Malaysia",2021,8.863052,8.133577,"MYS",NA,NA,NA,NA,0,0
"Malaysia",2022,21.442728,9.940617,"MYS",NA,NA,NA,NA,0,0
"Malaysia",2023,6.047868,6.154285,"MYS",NA,NA,NA,NA,0,0
"Malaysia",2024,19.984365,5.75415,"MYS",NA,NA,NA,NA,0,0
"Maldives",2010,0.963725,1.921804,"MDV",NA,NA,NA,NA,0,0
"Maldives",2011,10.629444,10.525318,"MDV",NA,NA,NA,NA,0,0
"Maldives",2012,1.28721,5.679459,"MDV",NA,NA,NA,NA,0,0
"Maldives",2013,7.088431,6.233479,"MDV",NA,NA,NA,NA,0,0
"Maldives",2014,2.652656,1.287288,"MDV",NA,NA,NA,NA,0,0
"Maldives",2015,40.340432,1.334952,"MDV",NA,NA,NA,NA,0,0
"Maldives",2016,0.047481,4.438714,"MDV",NA,NA,NA,NA,0,0
"Maldives",2017,0,2.930524,"MDV",NA,NA,NA,NA,0,0
"Maldives",2018,0.008792,2.159104,"MDV",NA,NA,NA,NA,0,0
"Maldives",2019,7.897665,5.531448,"MDV",NA,NA,NA,NA,0,0
"Maldives",2020,7.055208,7.254133,"MDV",NA,NA,NA,NA,0,0
"Maldives",2021,24.184034,4.855944,"MDV",NA,NA,NA,NA,0,0
"Maldives",2022,8.139907,12.245731,"MDV",NA,NA,NA,NA,0,0
"Maldives",2023,14.788085,9.234492,"MDV",NA,NA,NA,NA,0,0
"Maldives",2024,14.917245,8.524456,"MDV",NA,NA,NA,NA,0,0
"Mali",2010,62.316243,38.893987,"MLI",NA,NA,NA,NA,0,0
"Mali",2011,49.150267,70.791412,"MLI",NA,NA,NA,NA,0,0
"Mali",2012,43.469411,52.273514,"MLI",NA,NA,NA,NA,0,0
"Mali",2013,169.651787,76.912652,"MLI",NA,NA,NA,NA,0,0
"Mali",2014,215.341293,115.736983,"MLI",NA,NA,NA,NA,0,0
"Mali",2015,235.277302,101.337747,"MLI",NA,NA,NA,NA,0,0
"Mali",2016,195.185676,174.901133,"MLI",NA,NA,NA,NA,0,0
"Mali",2017,147.577766,160.906905,"MLI",NA,NA,NA,NA,0,0
"Mali",2018,290.220032,219.770408,"MLI",NA,NA,NA,NA,0,0
"Mali",2019,138.737494,182.796231,"MLI",NA,NA,NA,NA,0,0
"Mali",2020,338.997059,181.17877,"MLI",NA,NA,NA,NA,0,0
"Mali",2021,488.242334,197.618219,"MLI",NA,NA,NA,NA,0,0
"Mali",2022,217.921768,235.433976,"MLI",NA,NA,NA,NA,0,0
"Mali",2023,243.733589,242.864403,"MLI",NA,NA,NA,NA,0,0
"Mali",2024,218.350924,253.237823,"MLI",NA,NA,NA,NA,0,0
"Marshall Islands",2010,0,2.375323,"MHL","December 9, 2023","English","",2023-12-09,2023,0
"Marshall Islands",2011,0.902756,2.131262,"MHL","December 9, 2023","English","",2023-12-09,2023,0
"Marshall Islands",2012,3.517345,3.517345,"MHL","December 9, 2023","English","",2023-12-09,2023,0
"Marshall Islands",2013,2.63118,2.425509,"MHL","December 9, 2023","English","",2023-12-09,2023,0
"Marshall Islands",2014,1.054335,1.214741,"MHL","December 9, 2023","English","",2023-12-09,2023,0
"Marshall Islands",2015,6.568846,1.735926,"MHL","December 9, 2023","English","",2023-12-09,2023,0
"Marshall Islands",2016,14.68107,0.470745,"MHL","December 9, 2023","English","",2023-12-09,2023,0
"Marshall Islands",2017,1.623309,0.325399,"MHL","December 9, 2023","English","",2023-12-09,2023,0
"Marshall Islands",2018,1.430879,2.678124,"MHL","December 9, 2023","English","",2023-12-09,2023,0
"Marshall Islands",2019,5.511111,6.585969,"MHL","December 9, 2023","English","",2023-12-09,2023,0
"Marshall Islands",2020,16.835839,5.338762,"MHL","December 9, 2023","English","",2023-12-09,2023,0
"Marshall Islands",2021,11.897962,6.363501,"MHL","December 9, 2023","English","",2023-12-09,2023,0
"Marshall Islands",2022,4.515512,12.819159,"MHL","December 9, 2023","English","",2023-12-09,2023,0
"Marshall Islands",2023,11.366075,3.974904,"MHL","December 9, 2023","English","",2023-12-09,2023,1
"Marshall Islands",2024,11.296811,16.856575,"MHL","December 9, 2023","English","",2023-12-09,2023,1
"Mauritania",2010,4.90922,4.635883,"MRT",NA,NA,NA,NA,0,0
"Mauritania",2011,18.225846,4.858069,"MRT",NA,NA,NA,NA,0,0
"Mauritania",2012,10.734226,11.025265,"MRT",NA,NA,NA,NA,0,0
"Mauritania",2013,19.823206,16.989473,"MRT",NA,NA,NA,NA,0,0
"Mauritania",2014,26.886496,17.982357,"MRT",NA,NA,NA,NA,0,0
"Mauritania",2015,44.356062,9.251348,"MRT",NA,NA,NA,NA,0,0
"Mauritania",2016,31.334828,21.641664,"MRT",NA,NA,NA,NA,0,0
"Mauritania",2017,75.999457,32.470014,"MRT",NA,NA,NA,NA,0,0
"Mauritania",2018,69.287698,53.9527,"MRT",NA,NA,NA,NA,0,0
"Mauritania",2019,38.2876,48.419465,"MRT",NA,NA,NA,NA,0,0
"Mauritania",2020,72.758777,52.848403,"MRT",NA,NA,NA,NA,0,0
"Mauritania",2021,49.752352,53.161727,"MRT",NA,NA,NA,NA,0,0
"Mauritania",2022,103.906669,60.063748,"MRT",NA,NA,NA,NA,0,0
"Mauritania",2023,278.595429,69.764808,"MRT",NA,NA,NA,NA,0,0
"Mauritania",2024,115.826301,81.57333,"MRT",NA,NA,NA,NA,0,0
"Mauritius",2010,0.006661,0.2527,"MUS",NA,NA,NA,NA,0,0
"Mauritius",2011,0,0.086494,"MUS",NA,NA,NA,NA,0,0
"Mauritius",2012,84.578362,2.283112,"MUS",NA,NA,NA,NA,0,0
"Mauritius",2013,9.67739,1.65514,"MUS",NA,NA,NA,NA,0,0
"Mauritius",2014,4.401435,2.681141,"MUS",NA,NA,NA,NA,0,0
"Mauritius",2015,1.441318,4.60691,"MUS",NA,NA,NA,NA,0,0
"Mauritius",2016,4.319904,2.352323,"MUS",NA,NA,NA,NA,0,0
"Mauritius",2017,0.55898,2.105606,"MUS",NA,NA,NA,NA,0,0
"Mauritius",2018,5.921413,8.101945,"MUS",NA,NA,NA,NA,0,0
"Mauritius",2019,17.219415,22.390458,"MUS",NA,NA,NA,NA,0,0
"Mauritius",2020,393.766093,379.400085,"MUS",NA,NA,NA,NA,0,0
"Mauritius",2021,214.880766,232.910775,"MUS",NA,NA,NA,NA,0,0
"Mauritius",2022,8.523785,74.417741,"MUS",NA,NA,NA,NA,0,0
"Mauritius",2023,239.36115,73.368031,"MUS",NA,NA,NA,NA,0,0
"Mauritius",2024,5.211303,55.978242,"MUS",NA,NA,NA,NA,0,0
"Mexico",2010,15.497957,5.41714,"MEX",NA,NA,NA,NA,0,0
"Mexico",2011,9.262727,11.012815,"MEX",NA,NA,NA,NA,0,0
"Mexico",2012,46.029109,22.623716,"MEX",NA,NA,NA,NA,0,0
"Mexico",2013,17.682035,16.921624,"MEX",NA,NA,NA,NA,0,0
"Mexico",2014,295.500362,292.597339,"MEX",NA,NA,NA,NA,0,0
"Mexico",2015,145.313132,22.218195,"MEX",NA,NA,NA,NA,0,0
"Mexico",2016,58.15406,180.419191,"MEX",NA,NA,NA,NA,0,0
"Mexico",2017,415.128563,304.091248,"MEX",NA,NA,NA,NA,0,0
"Mexico",2018,114.623422,28.562478,"MEX",NA,NA,NA,NA,0,0
"Mexico",2019,88.012811,25.42481,"MEX",NA,NA,NA,NA,0,0
"Mexico",2020,375.215298,338.362132,"MEX",NA,NA,NA,NA,0,0
"Mexico",2021,431.567279,431.293302,"MEX",NA,NA,NA,NA,0,0
"Mexico",2022,330.760701,290.975799,"MEX",NA,NA,NA,NA,0,0
"Mexico",2023,108.10069,35.905229,"MEX",NA,NA,NA,NA,0,0
"Mexico",2024,310.41655,307.717718,"MEX",NA,NA,NA,NA,0,0
"Micronesia",2010,0.105075,0.034836,"FSM",NA,NA,NA,NA,0,0
"Micronesia",2011,0.456575,0.508625,"FSM",NA,NA,NA,NA,0,0
"Micronesia",2012,2.591097,2.639793,"FSM",NA,NA,NA,NA,0,0
"Micronesia",2013,1.432785,1.409707,"FSM",NA,NA,NA,NA,0,0
"Micronesia",2014,0.855644,0.868581,"FSM",NA,NA,NA,NA,0,0
"Micronesia",2015,0.739424,0.759276,"FSM",NA,NA,NA,NA,0,0
"Micronesia",2016,3.575567,0.209066,"FSM",NA,NA,NA,NA,0,0
"Micronesia",2017,12.588228,4.769329,"FSM",NA,NA,NA,NA,0,0
"Micronesia",2018,1.174421,0.947802,"FSM",NA,NA,NA,NA,0,0
"Micronesia",2019,2.919147,3.911845,"FSM",NA,NA,NA,NA,0,0
"Micronesia",2020,6.777393,8.813928,"FSM",NA,NA,NA,NA,0,0
"Micronesia",2021,14.450406,5.410448,"FSM",NA,NA,NA,NA,0,0
"Micronesia",2022,7.656939,16.091455,"FSM",NA,NA,NA,NA,0,0
"Micronesia",2023,31.33645,18.263179,"FSM",NA,NA,NA,NA,0,0
"Micronesia",2024,5.343185,9.361443,"FSM",NA,NA,NA,NA,0,0
"Moldova",2010,21.942722,19.512133,"MDA","June 26, 2024","English","",2024-06-26,2024,0
"Moldova",2011,11.406887,8.427218,"MDA","June 26, 2024","English","",2024-06-26,2024,0
"Moldova",2012,1.435958,7.105675,"MDA","June 26, 2024","English","",2024-06-26,2024,0
"Moldova",2013,19.218827,5.988595,"MDA","June 26, 2024","English","",2024-06-26,2024,0
"Moldova",2014,8.077769,7.487163,"MDA","June 26, 2024","English","",2024-06-26,2024,0
"Moldova",2015,13.95386,5.125273,"MDA","June 26, 2024","English","",2024-06-26,2024,0
"Moldova",2016,116.406787,4.75348,"MDA","June 26, 2024","English","",2024-06-26,2024,0
"Moldova",2017,3.871775,15.512145,"MDA","June 26, 2024","English","",2024-06-26,2024,0
"Moldova",2018,61.731413,9.22913,"MDA","June 26, 2024","English","",2024-06-26,2024,0
"Moldova",2019,35.812234,22.017784,"MDA","June 26, 2024","English","",2024-06-26,2024,0
"Moldova",2020,62.768439,24.030842,"MDA","June 26, 2024","English","",2024-06-26,2024,0
"Moldova",2021,34.983589,45.256078,"MDA","June 26, 2024","English","",2024-06-26,2024,0
"Moldova",2022,128.280484,111.552428,"MDA","June 26, 2024","English","",2024-06-26,2024,0
"Moldova",2023,258.772172,79.933,"MDA","June 26, 2024","English","",2024-06-26,2024,0
"Moldova",2024,296.452096,210.925303,"MDA","June 26, 2024","English","",2024-06-26,2024,1
"Mongolia",2010,34.087943,19.556464,"MNG",NA,NA,NA,NA,0,0
"Mongolia",2011,31.187973,24.46278,"MNG",NA,NA,NA,NA,0,0
"Mongolia",2012,10.529609,31.425724,"MNG",NA,NA,NA,NA,0,0
"Mongolia",2013,32.027831,25.026589,"MNG",NA,NA,NA,NA,0,0
"Mongolia",2014,7.548199,16.470855,"MNG",NA,NA,NA,NA,0,0
"Mongolia",2015,8.96927,11.258382,"MNG",NA,NA,NA,NA,0,0
"Mongolia",2016,21.757108,10.997866,"MNG",NA,NA,NA,NA,0,0
"Mongolia",2017,21.248613,11.481827,"MNG",NA,NA,NA,NA,0,0
"Mongolia",2018,35.287992,13.456187,"MNG",NA,NA,NA,NA,0,0
"Mongolia",2019,34.984361,17.197491,"MNG",NA,NA,NA,NA,0,0
"Mongolia",2020,41.481093,29.715033,"MNG",NA,NA,NA,NA,0,0
"Mongolia",2021,38.432565,51.749159,"MNG",NA,NA,NA,NA,0,0
"Mongolia",2022,27.411893,33.218445,"MNG",NA,NA,NA,NA,0,0
"Mongolia",2023,64.543391,29.029804,"MNG",NA,NA,NA,NA,0,0
"Mongolia",2024,149.103657,88.21047,"MNG",NA,NA,NA,NA,0,0
"Montenegro",2010,4.376459,0.036155,"MNE",NA,NA,NA,NA,0,0
"Montenegro",2011,1.166346,4.305868,"MNE",NA,NA,NA,NA,0,0
"Montenegro",2012,15.091426,6.180748,"MNE",NA,NA,NA,NA,0,0
"Montenegro",2013,7.036053,5.351685,"MNE",NA,NA,NA,NA,0,0
"Montenegro",2014,2.647588,2.145655,"MNE",NA,NA,NA,NA,0,0
"Montenegro",2015,50.723305,3.766825,"MNE",NA,NA,NA,NA,0,0
"Montenegro",2016,29.563726,6.966297,"MNE",NA,NA,NA,NA,0,0
"Montenegro",2017,63.320069,18.789039,"MNE",NA,NA,NA,NA,0,0
"Montenegro",2018,13.349329,19.483492,"MNE",NA,NA,NA,NA,0,0
"Montenegro",2019,29.893266,17.123241,"MNE",NA,NA,NA,NA,0,0
"Montenegro",2020,11.622746,21.931543,"MNE",NA,NA,NA,NA,0,0
"Montenegro",2021,73.225423,15.784996,"MNE",NA,NA,NA,NA,0,0
"Montenegro",2022,13.930294,26.625749,"MNE",NA,NA,NA,NA,0,0
"Montenegro",2023,22.672551,20.108461,"MNE",NA,NA,NA,NA,0,0
"Montenegro",2024,102.630187,84.932295,"MNE",NA,NA,NA,NA,0,0
"Montserrat",2010,0,0,"MSR",NA,NA,NA,NA,0,0
"Montserrat",2017,0.098476,0.098476,"MSR",NA,NA,NA,NA,0,0
"Montserrat",2018,0.532554,0.220445,"MSR",NA,NA,NA,NA,0,0
"Montserrat",2019,0.351133,0.351133,"MSR",NA,NA,NA,NA,0,0
"Montserrat",2020,0.12152,0.12152,"MSR",NA,NA,NA,NA,0,0
"Montserrat",2021,0.600304,0.615968,"MSR",NA,NA,NA,NA,0,0
"Montserrat",2022,0.700352,0.700352,"MSR",NA,NA,NA,NA,0,0
"Montserrat",2023,0.074112,0.074106,"MSR",NA,NA,NA,NA,0,0
"Montserrat",2024,0.025391,0.025391,"MSR",NA,NA,NA,NA,0,0
"Morocco",2009,19.242387,0,"MAR","January 5, 2024","French","",2024-01-05,2024,0
"Morocco",2010,123.704099,40.062533,"MAR","January 5, 2024","French","",2024-01-05,2024,0
"Morocco",2011,38.650102,49.756711,"MAR","January 5, 2024","French","",2024-01-05,2024,0
"Morocco",2012,251.195852,53.362825,"MAR","January 5, 2024","French","",2024-01-05,2024,0
"Morocco",2013,214.409536,90.10813,"MAR","January 5, 2024","French","",2024-01-05,2024,0
"Morocco",2014,60.019271,82.246904,"MAR","January 5, 2024","French","",2024-01-05,2024,0
"Morocco",2015,176.23017,67.6638,"MAR","January 5, 2024","French","",2024-01-05,2024,0
"Morocco",2016,350.855612,184.740952,"MAR","January 5, 2024","French","",2024-01-05,2024,0
"Morocco",2017,220.889838,179.839924,"MAR","January 5, 2024","French","",2024-01-05,2024,0
"Morocco",2018,171.487006,121.838875,"MAR","January 5, 2024","French","",2024-01-05,2024,0
"Morocco",2019,232.992125,269.726056,"MAR","January 5, 2024","French","",2024-01-05,2024,0
"Morocco",2020,319.578637,285.63877,"MAR","January 5, 2024","French","",2024-01-05,2024,0
"Morocco",2021,564.725867,259.202645,"MAR","January 5, 2024","French","",2024-01-05,2024,0
"Morocco",2022,528.657812,422.734857,"MAR","January 5, 2024","French","",2024-01-05,2024,0
"Morocco",2023,799.265,251.733287,"MAR","January 5, 2024","French","",2024-01-05,2024,0
"Morocco",2024,730.10967,782.348192,"MAR","January 5, 2024","French","",2024-01-05,2024,1
"Mozambique",2010,96.229152,79.152326,"MOZ","July 7, 2023","English","",2023-07-07,2023,0
"Mozambique",2011,96.415403,103.908786,"MOZ","July 7, 2023","English","",2023-07-07,2023,0
"Mozambique",2012,181.879026,119.221934,"MOZ","July 7, 2023","English","",2023-07-07,2023,0
"Mozambique",2013,244.111942,157.191876,"MOZ","July 7, 2023","English","",2023-07-07,2023,0
"Mozambique",2014,228.437678,162.795158,"MOZ","July 7, 2023","English","",2023-07-07,2023,0
"Mozambique",2015,106.394054,182.737736,"MOZ","July 7, 2023","English","",2023-07-07,2023,0
"Mozambique",2016,194.324026,172.54743,"MOZ","July 7, 2023","English","",2023-07-07,2023,0
"Mozambique",2017,318.05858,174.764279,"MOZ","July 7, 2023","English","",2023-07-07,2023,0
"Mozambique",2018,404.421897,135.406356,"MOZ","July 7, 2023","English","",2023-07-07,2023,0
"Mozambique",2019,396.910913,213.354887,"MOZ","July 7, 2023","English","",2023-07-07,2023,0
"Mozambique",2020,307.284665,192.514363,"MOZ","July 7, 2023","English","",2023-07-07,2023,0
"Mozambique",2021,250.414024,318.190222,"MOZ","July 7, 2023","English","",2023-07-07,2023,0
"Mozambique",2022,476.768823,313.64044,"MOZ","July 7, 2023","English","",2023-07-07,2023,0
"Mozambique",2023,471.114394,384.843704,"MOZ","July 7, 2023","English","",2023-07-07,2023,1
"Mozambique",2024,574.185355,523.665074,"MOZ","July 7, 2023","English","",2023-07-07,2023,1
"Myanmar",2010,11.172055,29.850252,"MMR",NA,NA,NA,NA,0,0
"Myanmar",2011,20.445467,15.71404,"MMR",NA,NA,NA,NA,0,0
"Myanmar",2012,25.002645,14.680748,"MMR",NA,NA,NA,NA,0,0
"Myanmar",2013,99.150041,93.408308,"MMR",NA,NA,NA,NA,0,0
"Myanmar",2014,391.504317,67.195865,"MMR",NA,NA,NA,NA,0,0
"Myanmar",2015,209.677444,115.574558,"MMR",NA,NA,NA,NA,0,0
"Myanmar",2016,71.762607,173.268729,"MMR",NA,NA,NA,NA,0,0
"Myanmar",2017,240.97082,197.822236,"MMR",NA,NA,NA,NA,0,0
"Myanmar",2018,390.602253,308.433369,"MMR",NA,NA,NA,NA,0,0
"Myanmar",2019,276.788043,232.990638,"MMR",NA,NA,NA,NA,0,0
"Myanmar",2020,1402.284966,302.512565,"MMR",NA,NA,NA,NA,0,0
"Myanmar",2021,97.370781,160.196074,"MMR",NA,NA,NA,NA,0,0
"Myanmar",2022,96.902794,102.587859,"MMR",NA,NA,NA,NA,0,0
"Myanmar",2023,101.476029,109.320742,"MMR",NA,NA,NA,NA,0,0
"Myanmar",2024,124.339618,212.992745,"MMR",NA,NA,NA,NA,0,0
"Namibia",2010,2.024413,0.543864,"NAM",NA,NA,NA,NA,0,0
"Namibia",2011,20.266082,10.257584,"NAM",NA,NA,NA,NA,0,0
"Namibia",2012,32.375968,14.950132,"NAM",NA,NA,NA,NA,0,0
"Namibia",2013,69.040197,10.507941,"NAM",NA,NA,NA,NA,0,0
"Namibia",2014,2.657221,13.733408,"NAM",NA,NA,NA,NA,0,0
"Namibia",2015,91.650174,13.913264,"NAM",NA,NA,NA,NA,0,0
"Namibia",2016,84.937541,73.674862,"NAM",NA,NA,NA,NA,0,0
"Namibia",2017,64.254037,35.776001,"NAM",NA,NA,NA,NA,0,0
"Namibia",2018,21.957852,53.633533,"NAM",NA,NA,NA,NA,0,0
"Namibia",2019,69.429169,52.503976,"NAM",NA,NA,NA,NA,0,0
"Namibia",2020,51.416691,35.516171,"NAM",NA,NA,NA,NA,0,0
"Namibia",2021,35.970949,45.544981,"NAM",NA,NA,NA,NA,0,0
"Namibia",2022,160.356504,47.785546,"NAM",NA,NA,NA,NA,0,0
"Namibia",2023,103.695319,55.929667,"NAM",NA,NA,NA,NA,0,0
"Namibia",2024,184.933698,62.56465,"NAM",NA,NA,NA,NA,0,0
"Nauru",2010,0.122672,0.302822,"NRU",NA,NA,NA,NA,0,0
"Nauru",2011,1.458657,0.663172,"NRU",NA,NA,NA,NA,0,0
"Nauru",2012,1.376728,1.376728,"NRU",NA,NA,NA,NA,0,0
"Nauru",2013,1.533619,1.665613,"NRU",NA,NA,NA,NA,0,0
"Nauru",2014,0.376634,0.376625,"NRU",NA,NA,NA,NA,0,0
"Nauru",2015,0.285888,0.285867,"NRU",NA,NA,NA,NA,0,0
"Nauru",2016,0.185952,1.054407,"NRU",NA,NA,NA,NA,0,0
"Nauru",2017,31.851135,0.462258,"NRU",NA,NA,NA,NA,0,0
"Nauru",2018,0.033271,1.614206,"NRU",NA,NA,NA,NA,0,0
"Nauru",2019,12.394317,8.756924,"NRU",NA,NA,NA,NA,0,0
"Nauru",2020,6.342264,2.489514,"NRU",NA,NA,NA,NA,0,0
"Nauru",2021,6.064616,5.82239,"NRU",NA,NA,NA,NA,0,0
"Nauru",2022,3.678956,5.37794,"NRU",NA,NA,NA,NA,0,0
"Nauru",2023,25.882619,18.148048,"NRU",NA,NA,NA,NA,0,0
"Nauru",2024,10.999199,1.600542,"NRU",NA,NA,NA,NA,0,0
"Nepal",2010,79.214272,53.615878,"NPL","October 30, 2021","English","",2021-10-30,2021,0
"Nepal",2011,90.496026,48.80802,"NPL","October 30, 2021","English","",2021-10-30,2021,0
"Nepal",2012,112.926483,48.944223,"NPL","October 30, 2021","English","",2021-10-30,2021,0
"Nepal",2013,138.469495,107.150928,"NPL","October 30, 2021","English","",2021-10-30,2021,0
"Nepal",2014,110.327263,90.878532,"NPL","October 30, 2021","English","",2021-10-30,2021,0
"Nepal",2015,93.615567,112.255645,"NPL","October 30, 2021","English","",2021-10-30,2021,0
"Nepal",2016,96.791476,123.448234,"NPL","October 30, 2021","English","",2021-10-30,2021,0
"Nepal",2017,228.457707,150.056489,"NPL","October 30, 2021","English","",2021-10-30,2021,0
"Nepal",2018,68.2682,107.121344,"NPL","October 30, 2021","English","",2021-10-30,2021,0
"Nepal",2019,89.056702,118.045505,"NPL","October 30, 2021","English","",2021-10-30,2021,0
"Nepal",2020,106.976815,133.151306,"NPL","October 30, 2021","English","",2021-10-30,2021,0
"Nepal",2021,168.407665,135.50946,"NPL","October 30, 2021","English","",2021-10-30,2021,1
"Nepal",2022,307.1668,135.270718,"NPL","October 30, 2021","English","",2021-10-30,2021,1
"Nepal",2023,119.466707,146.800635,"NPL","October 30, 2021","English","",2021-10-30,2021,1
"Nepal",2024,242.179089,188.308737,"NPL","October 30, 2021","English","",2021-10-30,2021,1
"Nicaragua",2010,42.715178,20.654975,"NIC",NA,NA,NA,NA,0,0
"Nicaragua",2011,31.933885,28.827106,"NIC",NA,NA,NA,NA,0,0
"Nicaragua",2012,51.915942,31.052579,"NIC",NA,NA,NA,NA,0,0
"Nicaragua",2013,82.968899,50.553643,"NIC",NA,NA,NA,NA,0,0
"Nicaragua",2014,26.177801,38.997911,"NIC",NA,NA,NA,NA,0,0
"Nicaragua",2015,57.634897,63.532931,"NIC",NA,NA,NA,NA,0,0
"Nicaragua",2016,77.050825,67.359921,"NIC",NA,NA,NA,NA,0,0
"Nicaragua",2017,63.796882,29.529246,"NIC",NA,NA,NA,NA,0,0
"Nicaragua",2018,66.750643,34.764425,"NIC",NA,NA,NA,NA,0,0
"Nicaragua",2019,20.79759,57.406054,"NIC",NA,NA,NA,NA,0,0
"Nicaragua",2020,49.945119,53.132897,"NIC",NA,NA,NA,NA,0,0
"Nicaragua",2021,58.410746,61.371542,"NIC",NA,NA,NA,NA,0,0
"Nicaragua",2022,37.411542,44.507143,"NIC",NA,NA,NA,NA,0,0
"Nicaragua",2023,24.039356,24.862114,"NIC",NA,NA,NA,NA,0,0
"Nicaragua",2024,42.061786,18.991085,"NIC",NA,NA,NA,NA,0,0
"Niger",2010,11.365062,15.080692,"NER","November 14, 2022","French","",2022-11-14,2022,0
"Niger",2011,50.059407,26.568038,"NER","November 14, 2022","French","",2022-11-14,2022,0
"Niger",2012,134.433181,25.060495,"NER","November 14, 2022","French","",2022-11-14,2022,0
"Niger",2013,63.31342,52.050638,"NER","November 14, 2022","French","",2022-11-14,2022,0
"Niger",2014,116.316463,66.572935,"NER","November 14, 2022","French","",2022-11-14,2022,0
"Niger",2015,142.768527,69.38104,"NER","November 14, 2022","French","",2022-11-14,2022,0
"Niger",2016,422.777704,140.305691,"NER","November 14, 2022","French","",2022-11-14,2022,0
"Niger",2017,173.184931,125.727559,"NER","November 14, 2022","French","",2022-11-14,2022,0
"Niger",2018,195.772613,191.279565,"NER","November 14, 2022","French","",2022-11-14,2022,0
"Niger",2019,119.803444,166.254567,"NER","November 14, 2022","French","",2022-11-14,2022,0
"Niger",2020,298.446666,215.045369,"NER","November 14, 2022","French","",2022-11-14,2022,0
"Niger",2021,282.893402,210.591092,"NER","November 14, 2022","French","",2022-11-14,2022,0
"Niger",2022,259.724299,277.810571,"NER","November 14, 2022","French","",2022-11-14,2022,1
"Niger",2023,430.49845,246.190849,"NER","November 14, 2022","French","",2022-11-14,2022,1
"Niger",2024,187.836003,205.461683,"NER","November 14, 2022","French","",2022-11-14,2022,1
"Nigeria",2010,4.861078,2.519154,"NGA",NA,NA,NA,NA,0,0
"Nigeria",2011,21.796833,8.032136,"NGA",NA,NA,NA,NA,0,0
"Nigeria",2012,126.218182,31.098682,"NGA",NA,NA,NA,NA,0,0
"Nigeria",2013,168.864033,53.578015,"NGA",NA,NA,NA,NA,0,0
"Nigeria",2014,32.412868,51.607636,"NGA",NA,NA,NA,NA,0,0
"Nigeria",2015,197.765419,120.889559,"NGA",NA,NA,NA,NA,0,0
"Nigeria",2016,89.645973,130.005609,"NGA",NA,NA,NA,NA,0,0
"Nigeria",2017,276.426882,162.180243,"NGA",NA,NA,NA,NA,0,0
"Nigeria",2018,175.946092,59.610407,"NGA",NA,NA,NA,NA,0,0
"Nigeria",2019,64.737689,133.702285,"NGA",NA,NA,NA,NA,0,0
"Nigeria",2020,396.963964,129.04548,"NGA",NA,NA,NA,NA,0,0
"Nigeria",2021,171.259836,273.454638,"NGA",NA,NA,NA,NA,0,0
"Nigeria",2022,569.148324,410.735872,"NGA",NA,NA,NA,NA,0,0
"Nigeria",2023,545.721784,350.789232,"NGA",NA,NA,NA,NA,0,0
"Nigeria",2024,385.522732,498.456309,"NGA",NA,NA,NA,NA,0,0
"Niue",2010,0.523057,0.175909,"NIU",NA,NA,NA,NA,0,0
"Niue",2011,9.548263,10.319148,"NIU",NA,NA,NA,NA,0,0
"Niue",2012,4.576451,5.257177,"NIU",NA,NA,NA,NA,0,0
"Niue",2013,3.884129,4.086576,"NIU",NA,NA,NA,NA,0,0
"Niue",2014,5.178855,1.332078,"NIU",NA,NA,NA,NA,0,0
"Niue",2015,9.91827,10.02539,"NIU",NA,NA,NA,NA,0,0
"Niue",2016,0.427388,1.195771,"NIU",NA,NA,NA,NA,0,0
"Niue",2017,0.207783,0.590537,"NIU",NA,NA,NA,NA,0,0
"Niue",2018,3.868776,0.028387,"NIU",NA,NA,NA,NA,0,0
"Niue",2019,1.646814,3.524347,"NIU",NA,NA,NA,NA,0,0
"Niue",2020,1.772384,2.533239,"NIU",NA,NA,NA,NA,0,0
"Niue",2021,2.375312,2.098166,"NIU",NA,NA,NA,NA,0,0
"Niue",2022,0.722372,1.431986,"NIU",NA,NA,NA,NA,0,0
"Niue",2023,1.446898,1.46918,"NIU",NA,NA,NA,NA,0,0
"Niue",2024,15.197375,5.893611,"NIU",NA,NA,NA,NA,0,0
"North Macedonia",2010,44.988842,5.145557,"MKD",NA,NA,NA,NA,0,0
"North Macedonia",2011,34.954018,4.807239,"MKD",NA,NA,NA,NA,0,0
"North Macedonia",2012,10.870859,34.547428,"MKD",NA,NA,NA,NA,0,0
"North Macedonia",2013,42.451339,55.746278,"MKD",NA,NA,NA,NA,0,0
"North Macedonia",2014,1.859354,37.675072,"MKD",NA,NA,NA,NA,0,0
"North Macedonia",2015,16.306135,24.992128,"MKD",NA,NA,NA,NA,0,0
"North Macedonia",2016,11.00751,25.905503,"MKD",NA,NA,NA,NA,0,0
"North Macedonia",2017,27.417793,57.597435,"MKD",NA,NA,NA,NA,0,0
"North Macedonia",2018,40.874216,80.217102,"MKD",NA,NA,NA,NA,0,0
"North Macedonia",2019,138.812902,29.662142,"MKD",NA,NA,NA,NA,0,0
"North Macedonia",2020,32.938079,34.987749,"MKD",NA,NA,NA,NA,0,0
"North Macedonia",2021,67.400871,65.381618,"MKD",NA,NA,NA,NA,0,0
"North Macedonia",2022,27.318596,36.072189,"MKD",NA,NA,NA,NA,0,0
"North Macedonia",2023,80.579257,34.314488,"MKD",NA,NA,NA,NA,0,0
"North Macedonia",2024,52.721287,61.732547,"MKD",NA,NA,NA,NA,0,0
"Oman",2010,0.011849,0.011849,"OMN",NA,NA,NA,NA,0,0
"Pakistan",2010,74.741161,15.002752,"PAK","August 15, 2023","English","",2023-08-15,2023,0
"Pakistan",2011,139.603067,47.147158,"PAK","August 15, 2023","English","",2023-08-15,2023,0
"Pakistan",2012,32.8876,60.013412,"PAK","August 15, 2023","English","",2023-08-15,2023,0
"Pakistan",2013,82.448194,66.635705,"PAK","August 15, 2023","English","",2023-08-15,2023,0
"Pakistan",2014,56.520504,52.890448,"PAK","August 15, 2023","English","",2023-08-15,2023,0
"Pakistan",2015,417.049993,446.369027,"PAK","August 15, 2023","English","",2023-08-15,2023,0
"Pakistan",2016,139.810332,349.424169,"PAK","August 15, 2023","English","",2023-08-15,2023,0
"Pakistan",2017,315.881803,122.621219,"PAK","August 15, 2023","English","",2023-08-15,2023,0
"Pakistan",2018,68.409059,151.362998,"PAK","August 15, 2023","English","",2023-08-15,2023,0
"Pakistan",2019,226.010774,155.330338,"PAK","August 15, 2023","English","",2023-08-15,2023,0
"Pakistan",2020,137.639772,144.930241,"PAK","August 15, 2023","English","",2023-08-15,2023,0
"Pakistan",2021,270.703768,181.443088,"PAK","August 15, 2023","English","",2023-08-15,2023,0
"Pakistan",2022,221.823666,190.49579,"PAK","August 15, 2023","English","",2023-08-15,2023,0
"Pakistan",2023,704.466199,225.127564,"PAK","August 15, 2023","English","",2023-08-15,2023,1
"Pakistan",2024,412.731774,349.011431,"PAK","August 15, 2023","English","",2023-08-15,2023,1
"Palau",2011,0.103093,0.103093,"PLW",NA,NA,NA,NA,0,0
"Palau",2012,1.356907,1.356907,"PLW",NA,NA,NA,NA,0,0
"Palau",2013,1.345666,1.337861,"PLW",NA,NA,NA,NA,0,0
"Palau",2014,5.13468,1.002537,"PLW",NA,NA,NA,NA,0,0
"Palau",2015,14.292975,0.957903,"PLW",NA,NA,NA,NA,0,0
"Palau",2016,1.911149,6.876052,"PLW",NA,NA,NA,NA,0,0
"Palau",2017,0.658976,4.576393,"PLW",NA,NA,NA,NA,0,0
"Palau",2018,3.793992,5.267068,"PLW",NA,NA,NA,NA,0,0
"Palau",2019,2.843338,2.975648,"PLW",NA,NA,NA,NA,0,0
"Palau",2020,5.865793,5.93383,"PLW",NA,NA,NA,NA,0,0
"Palau",2021,6.914607,5.136595,"PLW",NA,NA,NA,NA,0,0
"Palau",2022,6.732891,7.120074,"PLW",NA,NA,NA,NA,0,0
"Palau",2023,14.493582,5.60081,"PLW",NA,NA,NA,NA,0,0
"Palau",2024,2.800166,3.133538,"PLW",NA,NA,NA,NA,0,0
"Panama",2010,3.885686,2.171983,"PAN",NA,NA,NA,NA,0,0
"Panama",2011,7.686064,0.440478,"PAN",NA,NA,NA,NA,0,0
"Panama",2012,0.076237,0.166292,"PAN",NA,NA,NA,NA,0,0
"Panama",2013,8.742602,8.593075,"PAN",NA,NA,NA,NA,0,0
"Panama",2014,1.478286,1.628565,"PAN",NA,NA,NA,NA,0,0
"Panama",2015,0.80599,0.684956,"PAN",NA,NA,NA,NA,0,0
"Panama",2016,0.327041,0.298424,"PAN",NA,NA,NA,NA,0,0
"Panama",2017,12.529592,7.553637,"PAN",NA,NA,NA,NA,0,0
"Panama",2018,1.597608,0.474068,"PAN",NA,NA,NA,NA,0,0
"Panama",2019,26.594921,22.699648,"PAN",NA,NA,NA,NA,0,0
"Panama",2020,21.891291,18.375434,"PAN",NA,NA,NA,NA,0,0
"Panama",2021,2.631678,1.773332,"PAN",NA,NA,NA,NA,0,0
"Panama",2022,8.645803,8.591771,"PAN",NA,NA,NA,NA,0,0
"Panama",2023,20.576106,4.35764,"PAN",NA,NA,NA,NA,0,0
"Panama",2024,3.921248,2.648745,"PAN",NA,NA,NA,NA,0,0
"Papua New Guinea",2010,0.206782,2.287157,"PNG","April 11, 2023","English","",2023-04-11,2023,0
"Papua New Guinea",2011,17.845064,19.227867,"PNG","April 11, 2023","English","",2023-04-11,2023,0
"Papua New Guinea",2012,14.38958,14.939344,"PNG","April 11, 2023","English","",2023-04-11,2023,0
"Papua New Guinea",2013,17.313924,17.487412,"PNG","April 11, 2023","English","",2023-04-11,2023,0
"Papua New Guinea",2014,11.968088,12.157781,"PNG","April 11, 2023","English","",2023-04-11,2023,0
"Papua New Guinea",2015,50.553881,19.336242,"PNG","April 11, 2023","English","",2023-04-11,2023,0
"Papua New Guinea",2016,66.856078,45.179573,"PNG","April 11, 2023","English","",2023-04-11,2023,0
"Papua New Guinea",2017,117.160477,83.853312,"PNG","April 11, 2023","English","",2023-04-11,2023,0
"Papua New Guinea",2018,191.368677,94.76244,"PNG","April 11, 2023","English","",2023-04-11,2023,0
"Papua New Guinea",2019,157.296092,178.904929,"PNG","April 11, 2023","English","",2023-04-11,2023,0
"Papua New Guinea",2020,216.015486,186.87127,"PNG","April 11, 2023","English","",2023-04-11,2023,0
"Papua New Guinea",2021,511.951359,539.762437,"PNG","April 11, 2023","English","",2023-04-11,2023,0
"Papua New Guinea",2022,378.442461,334.847209,"PNG","April 11, 2023","English","",2023-04-11,2023,0
"Papua New Guinea",2023,279.483594,266.982798,"PNG","April 11, 2023","English","",2023-04-11,2023,1
"Papua New Guinea",2024,402.996587,213.698816,"PNG","April 11, 2023","English","",2023-04-11,2023,1
"Paraguay",2010,20.826537,11.951619,"PRY","May 3, 2020July 14, 2022","Spanish","",NA,0,0
"Paraguay",2011,13.435294,2.22564,"PRY","May 3, 2020July 14, 2022","Spanish","",NA,0,0
"Paraguay",2012,10.741196,11.375837,"PRY","May 3, 2020July 14, 2022","Spanish","",NA,0,0
"Paraguay",2013,3.097625,13.100492,"PRY","May 3, 2020July 14, 2022","Spanish","",NA,0,0
"Paraguay",2014,6.286914,6.931241,"PRY","May 3, 2020July 14, 2022","Spanish","",NA,0,0
"Paraguay",2015,34.864079,5.34277,"PRY","May 3, 2020July 14, 2022","Spanish","",NA,0,0
"Paraguay",2016,21.728674,7.012933,"PRY","May 3, 2020July 14, 2022","Spanish","",NA,0,0
"Paraguay",2017,32.32572,10.064472,"PRY","May 3, 2020July 14, 2022","Spanish","",NA,0,0
"Paraguay",2018,6.358106,10.929274,"PRY","May 3, 2020July 14, 2022","Spanish","",NA,0,0
"Paraguay",2019,34.991545,11.146157,"PRY","May 3, 2020July 14, 2022","Spanish","",NA,0,0
"Paraguay",2020,74.027553,56.137483,"PRY","May 3, 2020July 14, 2022","Spanish","",NA,0,0
"Paraguay",2021,4.165429,17.383894,"PRY","May 3, 2020July 14, 2022","Spanish","",NA,0,0
"Paraguay",2022,39.85742,17.393205,"PRY","May 3, 2020July 14, 2022","Spanish","",NA,0,0
"Paraguay",2023,133.272636,18.603051,"PRY","May 3, 2020July 14, 2022","Spanish","",NA,0,0
"Paraguay",2024,13.339931,14.516536,"PRY","May 3, 2020July 14, 2022","Spanish","",NA,0,0
"Peru",2010,147.570556,99.49731,"PER","July 22, 2021","Spanish","",2021-07-22,2021,0
"Peru",2011,167.327014,205.540781,"PER","July 22, 2021","Spanish","",2021-07-22,2021,0
"Peru",2012,112.909234,58.200508,"PER","July 22, 2021","Spanish","",2021-07-22,2021,0
"Peru",2013,147.506949,87.475026,"PER","July 22, 2021","Spanish","",2021-07-22,2021,0
"Peru",2014,233.258514,77.800157,"PER","July 22, 2021","Spanish","",2021-07-22,2021,0
"Peru",2015,91.213457,107.486081,"PER","July 22, 2021","Spanish","",2021-07-22,2021,0
"Peru",2016,219.4268,110.475749,"PER","July 22, 2021","Spanish","",2021-07-22,2021,0
"Peru",2017,172.370541,95.976503,"PER","July 22, 2021","Spanish","",2021-07-22,2021,0
"Peru",2018,178.906588,113.020986,"PER","July 22, 2021","Spanish","",2021-07-22,2021,0
"Peru",2019,239.279417,146.181794,"PER","July 22, 2021","Spanish","",2021-07-22,2021,0
"Peru",2020,100.788797,159.83005,"PER","July 22, 2021","Spanish","",2021-07-22,2021,0
"Peru",2021,164.123725,127.734437,"PER","July 22, 2021","Spanish","",2021-07-22,2021,1
"Peru",2022,283.440171,149.296072,"PER","July 22, 2021","Spanish","",2021-07-22,2021,1
"Peru",2023,274.204143,155.655108,"PER","July 22, 2021","Spanish","",2021-07-22,2021,1
"Peru",2024,108.09981,159.803185,"PER","July 22, 2021","Spanish","",2021-07-22,2021,1
"Philippines",2010,137.115198,59.762966,"PHL","May 30, 2024","English","",2024-05-30,2024,0
"Philippines",2011,52.056004,97.934436,"PHL","May 30, 2024","English","",2024-05-30,2024,0
"Philippines",2012,354.795328,110.117549,"PHL","May 30, 2024","English","",2024-05-30,2024,0
"Philippines",2013,142.684642,70.253726,"PHL","May 30, 2024","English","",2024-05-30,2024,0
"Philippines",2014,595.232326,311.286375,"PHL","May 30, 2024","English","",2024-05-30,2024,0
"Philippines",2015,234.835972,316.472374,"PHL","May 30, 2024","English","",2024-05-30,2024,0
"Philippines",2016,141.562889,223.195805,"PHL","May 30, 2024","English","",2024-05-30,2024,0
"Philippines",2017,426.069927,144.355207,"PHL","May 30, 2024","English","",2024-05-30,2024,0
"Philippines",2018,107.693999,260.637536,"PHL","May 30, 2024","English","",2024-05-30,2024,0
"Philippines",2019,424.108162,137.711985,"PHL","May 30, 2024","English","",2024-05-30,2024,0
"Philippines",2020,1660.218906,238.650969,"PHL","May 30, 2024","English","",2024-05-30,2024,0
"Philippines",2021,439.365156,762.053408,"PHL","May 30, 2024","English","",2024-05-30,2024,0
"Philippines",2022,899.508949,473.556995,"PHL","May 30, 2024","English","",2024-05-30,2024,0
"Philippines",2023,480.371074,359.207153,"PHL","May 30, 2024","English","",2024-05-30,2024,0
"Philippines",2024,1758.027668,271.958728,"PHL","May 30, 2024","English","",2024-05-30,2024,1
"Rwanda",2010,54.698236,60.099338,"RWA",NA,NA,NA,NA,0,0
"Rwanda",2011,18.044281,40.497671,"RWA",NA,NA,NA,NA,0,0
"Rwanda",2012,8.083821,27.115709,"RWA",NA,NA,NA,NA,0,0
"Rwanda",2013,173.375987,74.756117,"RWA",NA,NA,NA,NA,0,0
"Rwanda",2014,51.861784,65.251221,"RWA",NA,NA,NA,NA,0,0
"Rwanda",2015,80.242501,149.798519,"RWA",NA,NA,NA,NA,0,0
"Rwanda",2016,467.432091,153.695826,"RWA",NA,NA,NA,NA,0,0
"Rwanda",2017,200.106346,238.085851,"RWA",NA,NA,NA,NA,0,0
"Rwanda",2018,212.819681,245.689466,"RWA",NA,NA,NA,NA,0,0
"Rwanda",2019,198.381266,181.053038,"RWA",NA,NA,NA,NA,0,0
"Rwanda",2020,139.91779,183.209011,"RWA",NA,NA,NA,NA,0,0
"Rwanda",2021,158.916714,149.487273,"RWA",NA,NA,NA,NA,0,0
"Rwanda",2022,704.648153,174.063133,"RWA",NA,NA,NA,NA,0,0
"Rwanda",2023,379.255529,324.088025,"RWA",NA,NA,NA,NA,0,0
"Rwanda",2024,381.517468,372.660951,"RWA",NA,NA,NA,NA,0,0
"Saint Helena",2010,0.024427,0.024427,"SHN",NA,NA,NA,NA,0,0
"Saint Helena",2016,0.268484,14.508377,"SHN",NA,NA,NA,NA,0,0
"Saint Helena",2017,3.720613,3.720613,"SHN",NA,NA,NA,NA,0,0
"Saint Helena",2018,0.08333,0.08333,"SHN",NA,NA,NA,NA,0,0
"Saint Helena",2019,1.356823,1.356823,"SHN",NA,NA,NA,NA,0,0
"Saint Helena",2020,4.142248,4.142248,"SHN",NA,NA,NA,NA,0,0
"Saint Helena",2021,2.289453,2.289453,"SHN",NA,NA,NA,NA,0,0
"Saint Helena",2022,0.38026,0.38026,"SHN",NA,NA,NA,NA,0,0
"Saint Helena",2023,1.437791,1.437784,"SHN",NA,NA,NA,NA,0,0
"Saint Helena",2024,0.41611,0.41611,"SHN",NA,NA,NA,NA,0,0
"Saint Kitts and Nevis",2010,0.001351,0.136864,"KNA",NA,NA,NA,NA,0,0
"Saint Kitts and Nevis",2011,0.454502,0.454502,"KNA",NA,NA,NA,NA,0,0
"Saint Kitts and Nevis",2012,0.013874,0.208424,"KNA",NA,NA,NA,NA,0,0
"Saint Kitts and Nevis",2013,17.801006,0.256201,"KNA",NA,NA,NA,NA,0,0
"Saint Lucia",2010,0.013691,0.013691,"LCA","September 21, 2018","English","",2018-09-21,2018,0
"Saint Lucia",2011,0.420815,0.494472,"LCA","September 21, 2018","English","",2018-09-21,2018,0
"Saint Lucia",2012,14.607076,0.043601,"LCA","September 21, 2018","English","",2018-09-21,2018,0
"Saint Lucia",2013,0.047554,0.624043,"LCA","September 21, 2018","English","",2018-09-21,2018,0
"Saint Lucia",2014,29.409637,0.679453,"LCA","September 21, 2018","English","",2018-09-21,2018,0
"Saint Lucia",2015,8.668034,1.915696,"LCA","September 21, 2018","English","",2018-09-21,2018,0
"Saint Lucia",2016,0,10.268268,"LCA","September 21, 2018","English","",2018-09-21,2018,0
"Saint Lucia",2017,0.983932,8.390413,"LCA","September 21, 2018","English","",2018-09-21,2018,0
"Saint Lucia",2018,0.365407,5.817292,"LCA","September 21, 2018","English","",2018-09-21,2018,1
"Saint Lucia",2019,14.72629,1.25328,"LCA","September 21, 2018","English","",2018-09-21,2018,1
"Saint Lucia",2020,13.096871,1.343265,"LCA","September 21, 2018","English","",2018-09-21,2018,1
"Saint Lucia",2021,4.675808,6.155146,"LCA","September 21, 2018","English","",2018-09-21,2018,1
"Saint Lucia",2022,13.082781,4.846031,"LCA","September 21, 2018","English","",2018-09-21,2018,1
"Saint Lucia",2023,9.703856,7.445471,"LCA","September 21, 2018","English","",2018-09-21,2018,1
"Saint Lucia",2024,3.990463,5.683664,"LCA","September 21, 2018","English","",2018-09-21,2018,1
"Saint Vincent and the Grenadines",2010,0,0.012867,"VCT","November 14, 2019","English","",2019-11-14,2019,0
"Saint Vincent and the Grenadines",2011,0.454502,0.45459,"VCT","November 14, 2019","English","",2019-11-14,2019,0
"Saint Vincent and the Grenadines",2012,14.004501,0.127811,"VCT","November 14, 2019","English","",2019-11-14,2019,0
"Saint Vincent and the Grenadines",2013,0.023773,1.434981,"VCT","November 14, 2019","English","",2019-11-14,2019,0
"Saint Vincent and the Grenadines",2014,6.894311,0.09606,"VCT","November 14, 2019","English","",2019-11-14,2019,0
"Saint Vincent and the Grenadines",2015,8.847295,0.158217,"VCT","November 14, 2019","English","",2019-11-14,2019,0
"Saint Vincent and the Grenadines",2016,0.022826,3.550142,"VCT","November 14, 2019","English","",2019-11-14,2019,0
"Saint Vincent and the Grenadines",2017,16.703867,8.766621,"VCT","November 14, 2019","English","",2019-11-14,2019,0
"Saint Vincent and the Grenadines",2018,1.863798,10.135078,"VCT","November 14, 2019","English","",2019-11-14,2019,0
"Saint Vincent and the Grenadines",2019,116.295374,1.769431,"VCT","November 14, 2019","English","",2019-11-14,2019,1
"Saint Vincent and the Grenadines",2020,0.257987,0.827626,"VCT","November 14, 2019","English","",2019-11-14,2019,1
"Saint Vincent and the Grenadines",2021,1.481383,2.490328,"VCT","November 14, 2019","English","",2019-11-14,2019,1
"Saint Vincent and the Grenadines",2022,0.464578,0.300505,"VCT","November 14, 2019","English","",2019-11-14,2019,1
"Saint Vincent and the Grenadines",2023,7.07182,3.099906,"VCT","November 14, 2019","English","",2019-11-14,2019,1
"Saint Vincent and the Grenadines",2024,1.520944,2.387241,"VCT","November 14, 2019","English","",2019-11-14,2019,1
"Samoa",2010,11.883669,6.4021,"WSM",NA,NA,NA,NA,0,0
"Samoa",2011,10.289994,17.901862,"WSM",NA,NA,NA,NA,0,0
"Samoa",2012,44.638639,3.485491,"WSM",NA,NA,NA,NA,0,0
"Samoa",2013,38.941636,4.959977,"WSM",NA,NA,NA,NA,0,0
"Samoa",2014,4.694883,15.399733,"WSM",NA,NA,NA,NA,0,0
"Samoa",2015,34.857259,22.556525,"WSM",NA,NA,NA,NA,0,0
"Samoa",2016,86.636048,24.975269,"WSM",NA,NA,NA,NA,0,0
"Samoa",2017,10.403942,19.085518,"WSM",NA,NA,NA,NA,0,0
"Samoa",2018,4.859544,28.992843,"WSM",NA,NA,NA,NA,0,0
"Samoa",2019,12.252893,21.589292,"WSM",NA,NA,NA,NA,0,0
"Samoa",2020,17.070735,13.379752,"WSM",NA,NA,NA,NA,0,0
"Samoa",2021,47.927992,25.761447,"WSM",NA,NA,NA,NA,0,0
"Samoa",2022,38.166883,33.332023,"WSM",NA,NA,NA,NA,0,0
"Samoa",2023,45.368008,40.168572,"WSM",NA,NA,NA,NA,0,0
"Samoa",2024,19.415367,30.577181,"WSM",NA,NA,NA,NA,0,0
"Sao Tome and Principe",2010,0.20738,0.20738,"STP",NA,NA,NA,NA,0,0
"Sao Tome and Principe",2011,0.165409,0.387836,"STP",NA,NA,NA,NA,0,0
"Sao Tome and Principe",2012,0.155465,1.828133,"STP",NA,NA,NA,NA,0,0
"Sao Tome and Principe",2013,4.269015,0.783184,"STP",NA,NA,NA,NA,0,0
"Sao Tome and Principe",2014,0.522764,4.245003,"STP",NA,NA,NA,NA,0,0
"Sao Tome and Principe",2015,28.159489,5.589385,"STP",NA,NA,NA,NA,0,0
"Sao Tome and Principe",2016,13.204318,8.952,"STP",NA,NA,NA,NA,0,0
"Sao Tome and Principe",2017,6.896341,7.495235,"STP",NA,NA,NA,NA,0,0
"Sao Tome and Principe",2018,14.063927,1.705566,"STP",NA,NA,NA,NA,0,0
"Sao Tome and Principe",2019,5.955056,5.55211,"STP",NA,NA,NA,NA,0,0
"Sao Tome and Principe",2020,15.092411,7.57848,"STP",NA,NA,NA,NA,0,0
"Sao Tome and Principe",2021,12.838822,4.754217,"STP",NA,NA,NA,NA,0,0
"Sao Tome and Principe",2022,9.635981,5.893827,"STP",NA,NA,NA,NA,0,0
"Sao Tome and Principe",2023,18.057323,5.909499,"STP",NA,NA,NA,NA,0,0
"Sao Tome and Principe",2024,0.956355,4.340463,"STP",NA,NA,NA,NA,0,0
"Senegal",2010,75.498174,27.693299,"SEN",NA,NA,NA,NA,0,0
"Senegal",2011,64.187231,41.426733,"SEN",NA,NA,NA,NA,0,0
"Senegal",2012,85.610845,49.525113,"SEN",NA,NA,NA,NA,0,0
"Senegal",2013,105.97915,54.068123,"SEN",NA,NA,NA,NA,0,0
"Senegal",2014,117.92564,46.713771,"SEN",NA,NA,NA,NA,0,0
"Senegal",2015,273.789874,90.777898,"SEN",NA,NA,NA,NA,0,0
"Senegal",2016,419.270735,109.239799,"SEN",NA,NA,NA,NA,0,0
"Senegal",2017,196.666432,104.278215,"SEN",NA,NA,NA,NA,0,0
"Senegal",2018,272.71124,160.900692,"SEN",NA,NA,NA,NA,0,0
"Senegal",2019,130.607196,128.698189,"SEN",NA,NA,NA,NA,0,0
"Senegal",2020,124.604358,160.894014,"SEN",NA,NA,NA,NA,0,0
"Senegal",2021,304.034452,154.273406,"SEN",NA,NA,NA,NA,0,0
"Senegal",2022,341.78514,253.058115,"SEN",NA,NA,NA,NA,0,0
"Senegal",2023,561.693703,304.693541,"SEN",NA,NA,NA,NA,0,0
"Senegal",2024,384.016435,342.70751,"SEN",NA,NA,NA,NA,0,0
"Serbia",2010,120.119922,5.704805,"SRB","July 12, 2024","English","",2024-07-12,2024,0
"Serbia",2011,121.318112,12.471813,"SRB","July 12, 2024","English","",2024-07-12,2024,0
"Serbia",2012,80.763045,28.724433,"SRB","July 12, 2024","English","",2024-07-12,2024,0
"Serbia",2013,19.659794,20.241349,"SRB","July 12, 2024","English","",2024-07-12,2024,0
"Serbia",2014,232.251232,33.990815,"SRB","July 12, 2024","English","",2024-07-12,2024,0
"Serbia",2015,63.217461,39.78916,"SRB","July 12, 2024","English","",2024-07-12,2024,0
"Serbia",2016,48.983319,103.84255,"SRB","July 12, 2024","English","",2024-07-12,2024,0
"Serbia",2017,57.42546,69.826868,"SRB","July 12, 2024","English","",2024-07-12,2024,0
"Serbia",2018,102.097862,93.898414,"SRB","July 12, 2024","English","",2024-07-12,2024,0
"Serbia",2019,118.116826,85.984855,"SRB","July 12, 2024","English","",2024-07-12,2024,0
"Serbia",2020,514.041395,131.3376,"SRB","July 12, 2024","English","",2024-07-12,2024,0
"Serbia",2021,187.625795,111.076468,"SRB","July 12, 2024","English","",2024-07-12,2024,0
"Serbia",2022,426.70304,161.138258,"SRB","July 12, 2024","English","",2024-07-12,2024,0
"Serbia",2023,319.865431,292.697571,"SRB","July 12, 2024","English","",2024-07-12,2024,0
"Serbia",2024,429.002648,133.643898,"SRB","July 12, 2024","English","",2024-07-12,2024,1
"Seychelles",2010,0.44787,1.314323,"SYC",NA,NA,NA,NA,0,0
"Seychelles",2011,0.403497,0.403497,"SYC",NA,NA,NA,NA,0,0
"Seychelles",2012,14.146441,0.939337,"SYC",NA,NA,NA,NA,0,0
"Seychelles",2013,3.60997,2.907103,"SYC",NA,NA,NA,NA,0,0
"Seychelles",2014,11.477875,1.788449,"SYC",NA,NA,NA,NA,0,0
"Seychelles",2016,0.002183,1.697339,"SYC",NA,NA,NA,NA,0,0
"Seychelles",2017,5.489612,1.198611,"SYC",NA,NA,NA,NA,0,0
"Sierra Leone",2010,4.152043,3.89999,"SLE","February 8, 2022","English","",2022-02-08,2022,0
"Sierra Leone",2011,11.982377,4.725947,"SLE","February 8, 2022","English","",2022-02-08,2022,0
"Sierra Leone",2012,4.839374,6.012431,"SLE","February 8, 2022","English","",2022-02-08,2022,0
"Sierra Leone",2013,2.541446,5.133467,"SLE","February 8, 2022","English","",2022-02-08,2022,0
"Sierra Leone",2014,1.592745,12.382323,"SLE","February 8, 2022","English","",2022-02-08,2022,0
"Sierra Leone",2015,14.004633,5.157744,"SLE","February 8, 2022","English","",2022-02-08,2022,0
"Sierra Leone",2016,85.044616,14.10716,"SLE","February 8, 2022","English","",2022-02-08,2022,0
"Sierra Leone",2017,25.877947,33.653811,"SLE","February 8, 2022","English","",2022-02-08,2022,0
"Sierra Leone",2018,46.711782,49.158764,"SLE","February 8, 2022","English","",2022-02-08,2022,0
"Sierra Leone",2019,108.537835,56.501497,"SLE","February 8, 2022","English","",2022-02-08,2022,0
"Sierra Leone",2020,45.268143,62.904624,"SLE","February 8, 2022","English","",2022-02-08,2022,0
"Sierra Leone",2021,27.41552,28.494014,"SLE","February 8, 2022","English","",2022-02-08,2022,0
"Sierra Leone",2022,121.293731,78.373142,"SLE","February 8, 2022","English","",2022-02-08,2022,1
"Sierra Leone",2023,62.104736,70.539962,"SLE","February 8, 2022","English","",2022-02-08,2022,1
"Sierra Leone",2024,139.316128,87.684191,"SLE","February 8, 2022","English","",2022-02-08,2022,1
"Solomon Islands",2010,4.153876,0.223595,"SLB",NA,NA,NA,NA,0,0
"Solomon Islands",2011,37.091193,29.946076,"SLB",NA,NA,NA,NA,0,0
"Solomon Islands",2012,16.036804,19.374779,"SLB",NA,NA,NA,NA,0,0
"Solomon Islands",2013,40.524244,26.939463,"SLB",NA,NA,NA,NA,0,0
"Solomon Islands",2014,16.877817,9.619205,"SLB",NA,NA,NA,NA,0,0
"Solomon Islands",2015,29.365175,14.123829,"SLB",NA,NA,NA,NA,0,0
"Solomon Islands",2016,13.778653,18.444142,"SLB",NA,NA,NA,NA,0,0
"Solomon Islands",2017,159.3351,12.783423,"SLB",NA,NA,NA,NA,0,0
"Solomon Islands",2018,6.889923,16.38186,"SLB",NA,NA,NA,NA,0,0
"Solomon Islands",2019,61.668643,33.863464,"SLB",NA,NA,NA,NA,0,0
"Solomon Islands",2020,42.256414,38.871389,"SLB",NA,NA,NA,NA,0,0
"Solomon Islands",2021,140.978503,95.634315,"SLB",NA,NA,NA,NA,0,0
"Solomon Islands",2022,63.236626,69.45275,"SLB",NA,NA,NA,NA,0,0
"Solomon Islands",2023,71.179214,77.902621,"SLB",NA,NA,NA,NA,0,0
"Solomon Islands",2024,90.017332,86.894394,"SLB",NA,NA,NA,NA,0,0
"Somalia",2010,3.133365,8.258531,"SOM",NA,NA,NA,NA,0,0
"Somalia",2011,22.753243,15.427401,"SOM",NA,NA,NA,NA,0,0
"Somalia",2012,58.340707,23.183304,"SOM",NA,NA,NA,NA,0,0
"Somalia",2013,46.459652,36.237098,"SOM",NA,NA,NA,NA,0,0
"Somalia",2014,33.84265,41.213559,"SOM",NA,NA,NA,NA,0,0
"Somalia",2015,109.31032,37.243725,"SOM",NA,NA,NA,NA,0,0
"Somalia",2016,76.188724,58.308947,"SOM",NA,NA,NA,NA,0,0
"Somalia",2017,372.339905,92.398742,"SOM",NA,NA,NA,NA,0,0
"Somalia",2018,129.170498,214.376202,"SOM",NA,NA,NA,NA,0,0
"Somalia",2019,305.395411,205.168807,"SOM",NA,NA,NA,NA,0,0
"Somalia",2020,185.925271,220.4421,"SOM",NA,NA,NA,NA,0,0
"Somalia",2021,153.177569,198.005002,"SOM",NA,NA,NA,NA,0,0
"Somalia",2022,272.180553,255.787281,"SOM",NA,NA,NA,NA,0,0
"Somalia",2023,255.893587,254.397405,"SOM",NA,NA,NA,NA,0,0
"Somalia",2024,338.459596,338.070415,"SOM",NA,NA,NA,NA,0,0
"South Africa",2010,12.417203,9.012063,"ZAF","29 September 2021","English","",2021-09-29,2021,0
"South Africa",2011,94.978866,83.781617,"ZAF","29 September 2021","English","",2021-09-29,2021,0
"South Africa",2012,19.663636,22.091121,"ZAF","29 September 2021","English","",2021-09-29,2021,0
"South Africa",2013,432.201022,278.231204,"ZAF","29 September 2021","English","",2021-09-29,2021,0
"South Africa",2014,22.03418,30.209693,"ZAF","29 September 2021","English","",2021-09-29,2021,0
"South Africa",2015,21.406298,23.322233,"ZAF","29 September 2021","English","",2021-09-29,2021,0
"South Africa",2016,40.295748,65.868305,"ZAF","29 September 2021","English","",2021-09-29,2021,0
"South Africa",2017,20.215582,36.844518,"ZAF","29 September 2021","English","",2021-09-29,2021,0
"South Africa",2018,129.616144,11.330938,"ZAF","29 September 2021","English","",2021-09-29,2021,0
"South Africa",2019,41.388252,126.198728,"ZAF","29 September 2021","English","",2021-09-29,2021,0
"South Africa",2020,77.48758,57.730942,"ZAF","29 September 2021","English","",2021-09-29,2021,0
"South Africa",2021,287.781101,287.299512,"ZAF","29 September 2021","English","",2021-09-29,2021,1
"South Africa",2022,354.702573,61.755456,"ZAF","29 September 2021","English","",2021-09-29,2021,1
"South Africa",2023,103.403509,232.217499,"ZAF","29 September 2021","English","",2021-09-29,2021,1
"South Africa",2024,107.46463,87.221695,"ZAF","29 September 2021","English","",2021-09-29,2021,1
"South Sudan",2011,9.655193,8.652853,"SSD","November 1, 2021","English","",2021-11-01,2021,0
"South Sudan",2012,33.570623,4.514334,"SSD","November 1, 2021","English","",2021-11-01,2021,0
"South Sudan",2013,167.063612,82.302334,"SSD","November 1, 2021","English","",2021-11-01,2021,0
"South Sudan",2014,46.956271,75.808412,"SSD","November 1, 2021","English","",2021-11-01,2021,0
"South Sudan",2015,226.118754,267.106794,"SSD","November 1, 2021","English","",2021-11-01,2021,0
"South Sudan",2016,477.659776,273.251974,"SSD","November 1, 2021","English","",2021-11-01,2021,0
"South Sudan",2017,122.972732,293.811652,"SSD","November 1, 2021","English","",2021-11-01,2021,0
"South Sudan",2018,101.56002,270.867928,"SSD","November 1, 2021","English","",2021-11-01,2021,0
"South Sudan",2019,170.717206,270.766882,"SSD","November 1, 2021","English","",2021-11-01,2021,0
"South Sudan",2020,83.470555,223.479524,"SSD","November 1, 2021","English","",2021-11-01,2021,0
"South Sudan",2021,91.022285,152.826629,"SSD","November 1, 2021","English","",2021-11-01,2021,1
"South Sudan",2022,143.792389,194.063835,"SSD","November 1, 2021","English","",2021-11-01,2021,1
"South Sudan",2023,188.629803,166.092027,"SSD","November 1, 2021","English","",2021-11-01,2021,1
"South Sudan",2024,246.907413,286.190541,"SSD","November 1, 2021","English","",2021-11-01,2021,1
"Sri Lanka",2010,45.024766,5.242331,"LKA","November 1, 2016","English","",2016-11-01,2016,0
"Sri Lanka",2011,62.706958,39.298574,"LKA","November 1, 2016","English","",2016-11-01,2016,0
"Sri Lanka",2012,10.754894,24.259983,"LKA","November 1, 2016","English","",2016-11-01,2016,0
"Sri Lanka",2013,102.725241,29.288157,"LKA","November 1, 2016","English","",2016-11-01,2016,0
"Sri Lanka",2014,85.634791,29.783294,"LKA","November 1, 2016","English","",2016-11-01,2016,0
"Sri Lanka",2015,91.116578,23.249522,"LKA","November 1, 2016","English","",2016-11-01,2016,0
"Sri Lanka",2016,402.691574,22.4437,"LKA","November 1, 2016","English","",2016-11-01,2016,1
"Sri Lanka",2017,341.212725,20.098703,"LKA","November 1, 2016","English","",2016-11-01,2016,1
"Sri Lanka",2018,29.580933,33.79449,"LKA","November 1, 2016","English","",2016-11-01,2016,1
"Sri Lanka",2019,115.109712,43.383325,"LKA","November 1, 2016","English","",2016-11-01,2016,1
"Sri Lanka",2020,44.213447,45.798186,"LKA","November 1, 2016","English","",2016-11-01,2016,1
"Sri Lanka",2021,55.014396,59.701807,"LKA","November 1, 2016","English","",2016-11-01,2016,1
"Sri Lanka",2022,60.995861,86.045273,"LKA","November 1, 2016","English","",2016-11-01,2016,1
"Sri Lanka",2023,54.539979,57.78771,"LKA","November 1, 2016","English","",2016-11-01,2016,1
"Sri Lanka",2024,64.160989,40.963522,"LKA","November 1, 2016","English","",2016-11-01,2016,1
"Sudan",2009,0,5.451511,"SDN","September 26, 2016","English","",2016-09-26,2016,0
"Sudan",2010,15.308117,41.983173,"SDN","September 26, 2016","English","",2016-09-26,2016,0
"Sudan",2011,108.329397,28.240943,"SDN","September 26, 2016","English","",2016-09-26,2016,0
"Sudan",2012,50.772523,17.02032,"SDN","September 26, 2016","English","",2016-09-26,2016,0
"Sudan",2013,10.627032,31.117528,"SDN","September 26, 2016","English","",2016-09-26,2016,0
"Sudan",2014,58.912661,23.72402,"SDN","September 26, 2016","English","",2016-09-26,2016,0
"Sudan",2015,11.836792,26.828502,"SDN","September 26, 2016","English","",2016-09-26,2016,0
"Sudan",2016,165.636564,15.54036,"SDN","September 26, 2016","English","",2016-09-26,2016,1
"Sudan",2017,67.144321,16.323731,"SDN","September 26, 2016","English","",2016-09-26,2016,1
"Sudan",2018,25.681419,25.962114,"SDN","September 26, 2016","English","",2016-09-26,2016,1
"Sudan",2019,87.38406,152.199414,"SDN","September 26, 2016","English","",2016-09-26,2016,1
"Sudan",2020,68.36889,70.65224,"SDN","September 26, 2016","English","",2016-09-26,2016,1
"Sudan",2021,133.245193,112.709661,"SDN","September 26, 2016","English","",2016-09-26,2016,1
"Sudan",2022,203.741516,101.251244,"SDN","September 26, 2016","English","",2016-09-26,2016,1
"Sudan",2023,158.726477,84.214099,"SDN","September 26, 2016","English","",2016-09-26,2016,1
"Sudan",2024,46.721089,96.731744,"SDN","September 26, 2016","English","",2016-09-26,2016,1
"Suriname",2010,15.222416,15.222416,"SUR","June 2, 2020","English","",2020-06-02,2020,0
"Suriname",2011,0.69808,0.69808,"SUR","June 2, 2020","English","",2020-06-02,2020,0
"Suriname",2012,5.715713,1.170749,"SUR","June 2, 2020","English","",2020-06-02,2020,0
"Suriname",2013,0.023773,1.036268,"SUR","June 2, 2020","English","",2020-06-02,2020,0
"Suriname",2014,0,1.710778,"SUR","June 2, 2020","English","",2020-06-02,2020,0
"Suriname",2015,20.560753,0.860793,"SUR","June 2, 2020","English","",2020-06-02,2020,0
"Suriname",2016,17.593983,2.430196,"SUR","June 2, 2020","English","",2020-06-02,2020,0
"Suriname",2017,1.1443,2.927785,"SUR","June 2, 2020","English","",2020-06-02,2020,0
"Suriname",2018,4.313886,4.330532,"SUR","June 2, 2020","English","",2020-06-02,2020,0
"Suriname",2019,9.127632,2.85397,"SUR","June 2, 2020","English","",2020-06-02,2020,0
"Suriname",2020,2.270391,2.46765,"SUR","June 2, 2020","English","",2020-06-02,2020,1
"Suriname",2021,0.298317,4.724124,"SUR","June 2, 2020","English","",2020-06-02,2020,1
"Suriname",2022,3.256937,1.946865,"SUR","June 2, 2020","English","",2020-06-02,2020,1
"Suriname",2023,13.008774,5.611627,"SUR","June 2, 2020","English","",2020-06-02,2020,1
"Suriname",2024,4.457444,4.826393,"SUR","June 2, 2020","English","",2020-06-02,2020,1
"Syrian Arab Republic",2009,0,2.548558,"SYR",NA,NA,NA,NA,0,0
"Syrian Arab Republic",2010,0.869253,4.491935,"SYR",NA,NA,NA,NA,0,0
"Syrian Arab Republic",2011,4.480739,7.855257,"SYR",NA,NA,NA,NA,0,0
"Syrian Arab Republic",2012,4.542639,2.449012,"SYR",NA,NA,NA,NA,0,0
"Syrian Arab Republic",2013,0.185683,3.001545,"SYR",NA,NA,NA,NA,0,0
"Syrian Arab Republic",2014,6.477039,6.547253,"SYR",NA,NA,NA,NA,0,0
"Syrian Arab Republic",2015,13.714466,14.954469,"SYR",NA,NA,NA,NA,0,0
"Syrian Arab Republic",2016,0.776421,0.74813,"SYR",NA,NA,NA,NA,0,0
"Syrian Arab Republic",2017,4.564676,2.864377,"SYR",NA,NA,NA,NA,0,0
"Syrian Arab Republic",2018,3.088892,4.41631,"SYR",NA,NA,NA,NA,0,0
"Syrian Arab Republic",2019,16.452549,6.217702,"SYR",NA,NA,NA,NA,0,0
"Syrian Arab Republic",2020,32.185735,41.26057,"SYR",NA,NA,NA,NA,0,0
"Syrian Arab Republic",2021,71.823969,47.82543,"SYR",NA,NA,NA,NA,0,0
"Syrian Arab Republic",2022,68.889035,59.777393,"SYR",NA,NA,NA,NA,0,0
"Syrian Arab Republic",2023,65.153367,74.288632,"SYR",NA,NA,NA,NA,0,0
"Syrian Arab Republic",2024,81.382965,106.163204,"SYR",NA,NA,NA,NA,0,0
"Tajikistan",2009,0.653783,0.066443,"TJK",NA,NA,NA,NA,0,0
"Tajikistan",2010,1.034476,7.780959,"TJK",NA,NA,NA,NA,0,0
"Tajikistan",2011,33.917094,3.936919,"TJK",NA,NA,NA,NA,0,0
"Tajikistan",2012,7.65444,11.876887,"TJK",NA,NA,NA,NA,0,0
"Tajikistan",2013,61.653508,13.114602,"TJK",NA,NA,NA,NA,0,0
"Tajikistan",2014,78.925567,6.189243,"TJK",NA,NA,NA,NA,0,0
"Tajikistan",2015,31.683938,17.941142,"TJK",NA,NA,NA,NA,0,0
"Tajikistan",2016,19.47386,20.15835,"TJK",NA,NA,NA,NA,0,0
"Tajikistan",2017,113.445829,36.240482,"TJK",NA,NA,NA,NA,0,0
"Tajikistan",2018,3.211156,30.266232,"TJK",NA,NA,NA,NA,0,0
"Tajikistan",2019,130.420255,36.780255,"TJK",NA,NA,NA,NA,0,0
"Tajikistan",2020,31.953939,17.424106,"TJK",NA,NA,NA,NA,0,0
"Tajikistan",2021,28.864239,24.182495,"TJK",NA,NA,NA,NA,0,0
"Tajikistan",2022,97.323316,48.429771,"TJK",NA,NA,NA,NA,0,0
"Tajikistan",2023,62.469043,82.637925,"TJK",NA,NA,NA,NA,0,0
"Tajikistan",2024,41.174189,52.723164,"TJK",NA,NA,NA,NA,0,0
"Tanzania",2010,84.991633,54.978377,"TZA",NA,NA,NA,NA,0,0
"Tanzania",2011,104.934436,93.103835,"TZA",NA,NA,NA,NA,0,0
"Tanzania",2012,197.990554,118.882848,"TZA",NA,NA,NA,NA,0,0
"Tanzania",2013,247.136869,212.800861,"TZA",NA,NA,NA,NA,0,0
"Tanzania",2014,134.022383,159.102452,"TZA",NA,NA,NA,NA,0,0
"Tanzania",2015,338.086935,290.448679,"TZA",NA,NA,NA,NA,0,0
"Tanzania",2016,255.81712,315.267418,"TZA",NA,NA,NA,NA,0,0
"Tanzania",2017,288.767474,234.30255,"TZA",NA,NA,NA,NA,0,0
"Tanzania",2018,218.941092,217.973941,"TZA",NA,NA,NA,NA,0,0
"Tanzania",2019,298.257135,209.321118,"TZA",NA,NA,NA,NA,0,0
"Tanzania",2020,286.324016,171.748547,"TZA",NA,NA,NA,NA,0,0
"Tanzania",2021,220.327265,162.018379,"TZA",NA,NA,NA,NA,0,0
"Tanzania",2022,969.089767,270.771709,"TZA",NA,NA,NA,NA,0,0
"Tanzania",2023,524.320445,407.991884,"TZA",NA,NA,NA,NA,0,0
"Tanzania",2024,1064.314981,448.455349,"TZA",NA,NA,NA,NA,0,0
"Thailand",2010,4.92477,2.874361,"THA","April 18, 2024","English","",2024-04-18,2024,0
"Thailand",2011,3.085614,2.870335,"THA","April 18, 2024","English","",2024-04-18,2024,0
"Thailand",2012,83.414256,24.318724,"THA","April 18, 2024","English","",2024-04-18,2024,0
"Thailand",2013,14.218759,28.13379,"THA","April 18, 2024","English","",2024-04-18,2024,0
"Thailand",2014,8.04947,15.372456,"THA","April 18, 2024","English","",2024-04-18,2024,0
"Thailand",2015,8.947031,26.60409,"THA","April 18, 2024","English","",2024-04-18,2024,0
"Thailand",2016,7.399237,10.329618,"THA","April 18, 2024","English","",2024-04-18,2024,0
"Thailand",2017,2.583172,5.853991,"THA","April 18, 2024","English","",2024-04-18,2024,0
"Thailand",2018,2.137176,5.335912,"THA","April 18, 2024","English","",2024-04-18,2024,0
"Thailand",2019,8.008524,6.191811,"THA","April 18, 2024","English","",2024-04-18,2024,0
"Thailand",2020,10.541022,9.095496,"THA","April 18, 2024","English","",2024-04-18,2024,0
"Thailand",2021,17.022032,11.655481,"THA","April 18, 2024","English","",2024-04-18,2024,0
"Thailand",2022,391.983196,387.079822,"THA","April 18, 2024","English","",2024-04-18,2024,0
"Thailand",2023,44.568683,28.97278,"THA","April 18, 2024","English","",2024-04-18,2024,0
"Thailand",2024,83.986292,87.699979,"THA","April 18, 2024","English","",2024-04-18,2024,1
"Timor-Leste",2010,13.212085,6.01159,"TLS","March 31, 2021","English","",2021-03-31,2021,0
"Timor-Leste",2011,16.872399,22.775229,"TLS","March 31, 2021","English","",2021-03-31,2021,0
"Timor-Leste",2012,35.243445,34.128179,"TLS","March 31, 2021","English","",2021-03-31,2021,0
"Timor-Leste",2013,43.249397,31.855982,"TLS","March 31, 2021","English","",2021-03-31,2021,0
"Timor-Leste",2014,41.682777,31.433346,"TLS","March 31, 2021","English","",2021-03-31,2021,0
"Timor-Leste",2015,19.745893,26.276148,"TLS","March 31, 2021","English","",2021-03-31,2021,0
"Timor-Leste",2016,53.000599,26.990263,"TLS","March 31, 2021","English","",2021-03-31,2021,0
"Timor-Leste",2017,17.743144,18.899701,"TLS","March 31, 2021","English","",2021-03-31,2021,0
"Timor-Leste",2018,13.472085,19.325654,"TLS","March 31, 2021","English","",2021-03-31,2021,0
"Timor-Leste",2019,29.470145,15.916174,"TLS","March 31, 2021","English","",2021-03-31,2021,0
"Timor-Leste",2020,27.148177,33.789075,"TLS","March 31, 2021","English","",2021-03-31,2021,0
"Timor-Leste",2021,98.657861,44.900428,"TLS","March 31, 2021","English","",2021-03-31,2021,1
"Timor-Leste",2022,67.321736,59.92591,"TLS","March 31, 2021","English","",2021-03-31,2021,1
"Timor-Leste",2023,76.810632,68.511051,"TLS","March 31, 2021","English","",2021-03-31,2021,1
"Timor-Leste",2024,37.344183,31.225042,"TLS","March 31, 2021","English","",2021-03-31,2021,1
"Togo",2010,5.433643,5.515472,"TGO","January 17, 2018","French","",2018-01-17,2018,0
"Togo",2011,8.601513,1.604967,"TGO","January 17, 2018","French","",2018-01-17,2018,0
"Togo",2012,12.756444,5.318443,"TGO","January 17, 2018","French","",2018-01-17,2018,0
"Togo",2013,6.807942,8.121605,"TGO","January 17, 2018","French","",2018-01-17,2018,0
"Togo",2014,9.016088,11.455332,"TGO","January 17, 2018","French","",2018-01-17,2018,0
"Togo",2015,8.494442,27.766989,"TGO","January 17, 2018","French","",2018-01-17,2018,0
"Togo",2016,64.153679,13.811259,"TGO","January 17, 2018","French","",2018-01-17,2018,0
"Togo",2017,31.860603,17.207378,"TGO","January 17, 2018","French","",2018-01-17,2018,0
"Togo",2018,14.706224,11.363637,"TGO","January 17, 2018","French","",2018-01-17,2018,1
"Togo",2019,40.70982,13.423847,"TGO","January 17, 2018","French","",2018-01-17,2018,1
"Togo",2020,88.816483,21.937319,"TGO","January 17, 2018","French","",2018-01-17,2018,1
"Togo",2021,68.83668,36.261636,"TGO","January 17, 2018","French","",2018-01-17,2018,1
"Togo",2022,101.058523,35.688033,"TGO","January 17, 2018","French","",2018-01-17,2018,1
"Togo",2023,116.869244,54.459344,"TGO","January 17, 2018","French","",2018-01-17,2018,1
"Togo",2024,104.840495,70.385289,"TGO","January 17, 2018","French","",2018-01-17,2018,1
"Tokelau",2011,1.435269,1.435269,"TKL",NA,NA,NA,NA,0,0
"Tokelau",2012,0.355848,0.355848,"TKL",NA,NA,NA,NA,0,0
"Tokelau",2013,0.287887,0.287887,"TKL",NA,NA,NA,NA,0,0
"Tokelau",2014,0.215485,0.215485,"TKL",NA,NA,NA,NA,0,0
"Tokelau",2015,0.028164,0.025663,"TKL",NA,NA,NA,NA,0,0
"Tokelau",2016,0.135768,0.001731,"TKL",NA,NA,NA,NA,0,0
"Tokelau",2017,1.658295,1.77594,"TKL",NA,NA,NA,NA,0,0
"Tokelau",2018,12.531301,10.929378,"TKL",NA,NA,NA,NA,0,0
"Tokelau",2019,0.00211,1.255995,"TKL",NA,NA,NA,NA,0,0
"Tokelau",2020,3.569345,0.133665,"TKL",NA,NA,NA,NA,0,0
"Tokelau",2021,0.868176,0.529384,"TKL",NA,NA,NA,NA,0,0
"Tokelau",2022,0.662473,3.860884,"TKL",NA,NA,NA,NA,0,0
"Tokelau",2023,0.336247,0.428014,"TKL",NA,NA,NA,NA,0,0
"Tokelau",2024,2.723609,0.31522,"TKL",NA,NA,NA,NA,0,0
"Tonga",2011,7.471048,7.470215,"TON","October 27, 2021","English","",2021-10-27,2021,0
"Tonga",2012,13.496637,4.317902,"TON","October 27, 2021","English","",2021-10-27,2021,0
"Tonga",2013,22.756548,1.934977,"TON","October 27, 2021","English","",2021-10-27,2021,0
"Tonga",2014,9.094528,7.390154,"TON","October 27, 2021","English","",2021-10-27,2021,0
"Tonga",2015,1.560773,6.835271,"TON","October 27, 2021","English","",2021-10-27,2021,0
"Tonga",2016,1.668008,3.548324,"TON","October 27, 2021","English","",2021-10-27,2021,0
"Tonga",2017,4.520733,8.82004,"TON","October 27, 2021","English","",2021-10-27,2021,0
"Tonga",2018,9.542798,8.838711,"TON","October 27, 2021","English","",2021-10-27,2021,0
"Tonga",2019,7.93609,12.665663,"TON","October 27, 2021","English","",2021-10-27,2021,0
"Tonga",2020,14.048416,16.023279,"TON","October 27, 2021","English","",2021-10-27,2021,0
"Tonga",2021,34.333262,28.20503,"TON","October 27, 2021","English","",2021-10-27,2021,1
"Tonga",2022,31.837853,32.300436,"TON","October 27, 2021","English","",2021-10-27,2021,1
"Tonga",2023,36.48775,34.385886,"TON","October 27, 2021","English","",2021-10-27,2021,1
"Tonga",2024,50.716883,48.799318,"TON","October 27, 2021","English","",2021-10-27,2021,1
"Trinidad and Tobago",2010,0.111362,0.028405,"TTO","May 15, 2024","English","",2024-05-15,2024,0
"Tunisia",2009,0,0.132513,"TUN",NA,NA,NA,NA,0,0
"Tunisia",2010,7.944316,30.034779,"TUN",NA,NA,NA,NA,0,0
"Tunisia",2011,193.036118,40.46831,"TUN",NA,NA,NA,NA,0,0
"Tunisia",2012,117.63438,31.071475,"TUN",NA,NA,NA,NA,0,0
"Tunisia",2013,133.654505,42.251643,"TUN",NA,NA,NA,NA,0,0
"Tunisia",2014,142.345691,22.294752,"TUN",NA,NA,NA,NA,0,0
"Tunisia",2015,163.646381,42.791199,"TUN",NA,NA,NA,NA,0,0
"Tunisia",2016,338.067219,34.116452,"TUN",NA,NA,NA,NA,0,0
"Tunisia",2017,547.303979,59.672489,"TUN",NA,NA,NA,NA,0,0
"Tunisia",2018,209.71178,118.433956,"TUN",NA,NA,NA,NA,0,0
"Tunisia",2019,297.000998,128.196461,"TUN",NA,NA,NA,NA,0,0
"Tunisia",2020,328.622033,303.603481,"TUN",NA,NA,NA,NA,0,0
"Tunisia",2021,170.363184,224.904905,"TUN",NA,NA,NA,NA,0,0
"Tunisia",2022,334.163691,318.067403,"TUN",NA,NA,NA,NA,0,0
"Tunisia",2023,72.605738,184.009677,"TUN",NA,NA,NA,NA,0,0
"Tunisia",2024,281.633643,419.748235,"TUN",NA,NA,NA,NA,0,0
"Turkmenistan",2010,0.077256,0.856403,"TKM",NA,NA,NA,NA,0,0
"Turkmenistan",2011,1.44007,0.865058,"TKM",NA,NA,NA,NA,0,0
"Turkmenistan",2012,0,1.020053,"TKM",NA,NA,NA,NA,0,0
"Turkmenistan",2013,0.065997,0,"TKM",NA,NA,NA,NA,0,0
"Turkmenistan",2014,3.463684,0.852546,"TKM",NA,NA,NA,NA,0,0
"Turkmenistan",2015,0.064898,1.415159,"TKM",NA,NA,NA,NA,0,0
"Turkmenistan",2016,0,2.488203,"TKM",NA,NA,NA,NA,0,0
"Turkmenistan",2017,0.005376,0.517613,"TKM",NA,NA,NA,NA,0,0
"Turkmenistan",2018,0.019844,0.019844,"TKM",NA,NA,NA,NA,0,0
"Turkmenistan",2019,0.028052,0.028052,"TKM",NA,NA,NA,NA,0,0
"Turkmenistan",2020,0,0.022752,"TKM",NA,NA,NA,NA,0,0
"Turkmenistan",2021,2.146874,2.146874,"TKM",NA,NA,NA,NA,0,0
"Turkmenistan",2022,3.364874,0.843542,"TKM",NA,NA,NA,NA,0,0
"Turkmenistan",2023,2.437071,0.277947,"TKM",NA,NA,NA,NA,0,0
"Turkmenistan",2024,6.288413,2.928649,"TKM",NA,NA,NA,NA,0,0
"Tuvalu",2011,1.47471,3.64934,"TUV",NA,NA,NA,NA,0,0
"Tuvalu",2012,3.21466,4.030512,"TUV",NA,NA,NA,NA,0,0
"Tuvalu",2013,3.963102,4.425841,"TUV",NA,NA,NA,NA,0,0
"Tuvalu",2014,18.763741,8.621913,"TUV",NA,NA,NA,NA,0,0
"Tuvalu",2015,6.586447,12.386182,"TUV",NA,NA,NA,NA,0,0
"Tuvalu",2016,44.651795,3.45052,"TUV",NA,NA,NA,NA,0,0
"Tuvalu",2017,13.87619,2.371549,"TUV",NA,NA,NA,NA,0,0
"Tuvalu",2018,2.630905,4.924403,"TUV",NA,NA,NA,NA,0,0
"Tuvalu",2019,15.491269,8.891003,"TUV",NA,NA,NA,NA,0,0
"Tuvalu",2020,9.601009,6.795124,"TUV",NA,NA,NA,NA,0,0
"Tuvalu",2021,12.496344,10.758004,"TUV",NA,NA,NA,NA,0,0
"Tuvalu",2022,19.110788,11.445127,"TUV",NA,NA,NA,NA,0,0
"Tuvalu",2023,29.99294,31.566377,"TUV",NA,NA,NA,NA,0,0
"Tuvalu",2024,45.221542,42.619622,"TUV",NA,NA,NA,NA,0,0
"Türkiye",2010,0.369978,0.84561,"TUR",NA,NA,NA,NA,0,0
"Türkiye",2011,108.551933,16.08125,"TUR",NA,NA,NA,NA,0,0
"Türkiye",2012,1.004583,36.987365,"TUR",NA,NA,NA,NA,0,0
"Türkiye",2013,308.046377,46.766243,"TUR",NA,NA,NA,NA,0,0
"Türkiye",2014,241.884113,432.300073,"TUR",NA,NA,NA,NA,0,0
"Türkiye",2015,298.135804,271.657284,"TUR",NA,NA,NA,NA,0,0
"Türkiye",2016,208.715772,412.812729,"TUR",NA,NA,NA,NA,0,0
"Türkiye",2017,376.743435,144.050233,"TUR",NA,NA,NA,NA,0,0
"Türkiye",2018,253.640982,181.805444,"TUR",NA,NA,NA,NA,0,0
"Türkiye",2019,1406.080432,296.399776,"TUR",NA,NA,NA,NA,0,0
"Türkiye",2020,186.083403,254.426483,"TUR",NA,NA,NA,NA,0,0
"Türkiye",2021,457.650859,566.14423,"TUR",NA,NA,NA,NA,0,0
"Türkiye",2022,170.943277,351.2099,"TUR",NA,NA,NA,NA,0,0
"Türkiye",2023,303.16889,237.239854,"TUR",NA,NA,NA,NA,0,0
"Türkiye",2024,260.419142,282.349422,"TUR",NA,NA,NA,NA,0,0
"Uganda",2010,90.008917,46.912696,"UGA",NA,NA,NA,NA,0,0
"Uganda",2011,79.390725,53.39764,"UGA",NA,NA,NA,NA,0,0
"Uganda",2012,74.600604,72.518387,"UGA",NA,NA,NA,NA,0,0
"Uganda",2013,170.125325,131.958595,"UGA",NA,NA,NA,NA,0,0
"Uganda",2014,208.854627,152.191102,"UGA",NA,NA,NA,NA,0,0
"Uganda",2015,199.645194,164.566783,"UGA",NA,NA,NA,NA,0,0
"Uganda",2016,408.400689,187.341697,"UGA",NA,NA,NA,NA,0,0
"Uganda",2017,141.795659,150.121437,"UGA",NA,NA,NA,NA,0,0
"Uganda",2018,312.835474,137.959068,"UGA",NA,NA,NA,NA,0,0
"Uganda",2019,417.23054,181.929286,"UGA",NA,NA,NA,NA,0,0
"Uganda",2020,178.451306,157.0433,"UGA",NA,NA,NA,NA,0,0
"Uganda",2021,208.741948,182.247589,"UGA",NA,NA,NA,NA,0,0
"Uganda",2022,362.918047,316.187719,"UGA",NA,NA,NA,NA,0,0
"Uganda",2023,466.676653,430.103426,"UGA",NA,NA,NA,NA,0,0
"Uganda",2024,639.142103,447.389332,"UGA",NA,NA,NA,NA,0,0
"Ukraine",2010,25.918936,24.415114,"UKR",NA,NA,NA,NA,0,0
"Ukraine",2011,28.668937,84.600779,"UKR",NA,NA,NA,NA,0,0
"Ukraine",2012,6.332751,21.314676,"UKR",NA,NA,NA,NA,0,0
"Ukraine",2013,15.133373,85.038804,"UKR",NA,NA,NA,NA,0,0
"Ukraine",2014,4.54964,21.097714,"UKR",NA,NA,NA,NA,0,0
"Ukraine",2015,860.017537,17.691726,"UKR",NA,NA,NA,NA,0,0
"Ukraine",2016,13.134484,18.765365,"UKR",NA,NA,NA,NA,0,0
"Ukraine",2017,79.322988,29.533772,"UKR",NA,NA,NA,NA,0,0
"Ukraine",2018,74.246027,24.107003,"UKR",NA,NA,NA,NA,0,0
"Ukraine",2019,74.035499,22.706234,"UKR",NA,NA,NA,NA,0,0
"Ukraine",2020,38.248673,25.11295,"UKR",NA,NA,NA,NA,0,0
"Ukraine",2021,51.746684,31.974056,"UKR",NA,NA,NA,NA,0,0
"Ukraine",2022,123.139705,86.762374,"UKR",NA,NA,NA,NA,0,0
"Ukraine",2023,239.739711,217.878407,"UKR",NA,NA,NA,NA,0,0
"Ukraine",2024,300.614398,282.205731,"UKR",NA,NA,NA,NA,0,0
"Uruguay",2010,2.403254,1.241941,"URY","December 3, 2021","English","",2021-12-03,2021,0
"Uruguay",2011,1.153358,1.284703,"URY","December 3, 2021","English","",2021-12-03,2021,0
"Uruguay",2012,0.673787,0.986642,"URY","December 3, 2021","English","",2021-12-03,2021,0
"Uruguay",2013,0.201549,0.592238,"URY","December 3, 2021","English","",2021-12-03,2021,0
"Uruguay",2014,0.107154,2.215347,"URY","December 3, 2021","English","",2021-12-03,2021,0
"Uruguay",2015,0.043222,3.399344,"URY","December 3, 2021","English","",2021-12-03,2021,0
"Uruguay",2016,0.980328,4.48255,"URY","December 3, 2021","English","",2021-12-03,2021,0
"Uruguay",2017,1.665069,0.41124,"URY","December 3, 2021","English","",2021-12-03,2021,0
"Uzbekistan",2010,1.619611,5.752776,"UZB",NA,NA,NA,NA,0,0
"Uzbekistan",2011,16.902849,2.605882,"UZB",NA,NA,NA,NA,0,0
"Uzbekistan",2012,1.463139,2.735944,"UZB",NA,NA,NA,NA,0,0
"Uzbekistan",2013,10.67674,3.056039,"UZB",NA,NA,NA,NA,0,0
"Uzbekistan",2014,34.034394,4.655694,"UZB",NA,NA,NA,NA,0,0
"Uzbekistan",2015,7.495927,8.797937,"UZB",NA,NA,NA,NA,0,0
"Uzbekistan",2016,29.371018,9.194834,"UZB",NA,NA,NA,NA,0,0
"Uzbekistan",2017,74.864742,20.313371,"UZB",NA,NA,NA,NA,0,0
"Uzbekistan",2018,24.078426,27.002802,"UZB",NA,NA,NA,NA,0,0
"Uzbekistan",2019,13.47683,22.062149,"UZB",NA,NA,NA,NA,0,0
"Uzbekistan",2020,25.824121,61.305144,"UZB",NA,NA,NA,NA,0,0
"Uzbekistan",2021,241.180097,138.369621,"UZB",NA,NA,NA,NA,0,0
"Uzbekistan",2022,602.614791,260.172943,"UZB",NA,NA,NA,NA,0,0
"Uzbekistan",2023,188.357979,136.719493,"UZB",NA,NA,NA,NA,0,0
"Uzbekistan",2024,379.758457,464.687396,"UZB",NA,NA,NA,NA,0,0
"Vanuatu",2010,12.927548,0.204476,"VUT",NA,NA,NA,NA,0,0
"Vanuatu",2011,14.883393,12.705682,"VUT",NA,NA,NA,NA,0,0
"Vanuatu",2012,56.597177,19.895866,"VUT",NA,NA,NA,NA,0,0
"Vanuatu",2013,18.552921,11.822758,"VUT",NA,NA,NA,NA,0,0
"Vanuatu",2014,32.147268,24.924293,"VUT",NA,NA,NA,NA,0,0
"Vanuatu",2015,94.315087,68.241103,"VUT",NA,NA,NA,NA,0,0
"Vanuatu",2016,48.076392,61.362414,"VUT",NA,NA,NA,NA,0,0
"Vanuatu",2017,36.519192,50.496116,"VUT",NA,NA,NA,NA,0,0
"Vanuatu",2018,52.845537,27.635321,"VUT",NA,NA,NA,NA,0,0
"Vanuatu",2019,53.326852,37.424613,"VUT",NA,NA,NA,NA,0,0
"Vanuatu",2020,60.863324,56.334603,"VUT",NA,NA,NA,NA,0,0
"Vanuatu",2021,85.9140390000001,94.9576790000001,"VUT",NA,NA,NA,NA,0,0
"Vanuatu",2022,52.095795,57.67566,"VUT",NA,NA,NA,NA,0,0
"Vanuatu",2023,83.397086,63.779857,"VUT",NA,NA,NA,NA,0,0
"Vanuatu",2024,63.468247,49.333782,"VUT",NA,NA,NA,NA,0,0
"Venezuela",2010,0.786598,1.089182,"VEN",NA,NA,NA,NA,0,0
"Venezuela",2011,1.712654,0.892097,"VEN",NA,NA,NA,NA,0,0
"Venezuela",2012,0.135738,0.262212,"VEN",NA,NA,NA,NA,0,0
"Venezuela",2013,0.248592,0.484956,"VEN",NA,NA,NA,NA,0,0
"Venezuela",2014,0.220342,0.207376,"VEN",NA,NA,NA,NA,0,0
"Venezuela",2015,9.416426,0.338476,"VEN",NA,NA,NA,NA,0,0
"Venezuela",2016,0.049437,0.313246,"VEN",NA,NA,NA,NA,0,0
"Venezuela",2017,0.848449,1.085054,"VEN",NA,NA,NA,NA,0,0
"Venezuela",2018,0.384757,2.750983,"VEN",NA,NA,NA,NA,0,0
"Venezuela",2019,0.221124,3.810118,"VEN",NA,NA,NA,NA,0,0
"Venezuela",2020,14.518731,4.886371,"VEN",NA,NA,NA,NA,0,0
"Venezuela",2021,0.482463,4.747476,"VEN",NA,NA,NA,NA,0,0
"Venezuela",2022,5.588932,6.457386,"VEN",NA,NA,NA,NA,0,0
"Venezuela",2023,17.785078,1.037555,"VEN",NA,NA,NA,NA,0,0
"Venezuela",2024,29.827318,11.83856,"VEN",NA,NA,NA,NA,0,0
"Viet Nam",2010,281.998504,141.332445,"VNM",NA,NA,NA,NA,0,0
"Viet Nam",2011,450.078481,167.115606,"VNM",NA,NA,NA,NA,0,0
"Viet Nam",2012,412.900688,152.743483,"VNM",NA,NA,NA,NA,0,0
"Viet Nam",2013,628.859913,274.427348,"VNM",NA,NA,NA,NA,0,0
"Viet Nam",2014,474.838716,339.005612,"VNM",NA,NA,NA,NA,0,0
"Viet Nam",2015,531.561254,438.823322,"VNM",NA,NA,NA,NA,0,0
"Viet Nam",2016,479.092082,311.251204,"VNM",NA,NA,NA,NA,0,0
"Viet Nam",2017,493.688227,299.525906,"VNM",NA,NA,NA,NA,0,0
"Viet Nam",2018,82.523641,196.479259,"VNM",NA,NA,NA,NA,0,0
"Viet Nam",2019,71.364763,175.038859,"VNM",NA,NA,NA,NA,0,0
"Viet Nam",2020,373.819971,197.557991,"VNM",NA,NA,NA,NA,0,0
"Viet Nam",2021,276.189121,195.486761,"VNM",NA,NA,NA,NA,0,0
"Viet Nam",2022,367.934548,329.427493,"VNM",NA,NA,NA,NA,0,0
"Viet Nam",2023,611.397177,176.702702,"VNM",NA,NA,NA,NA,0,0
"Viet Nam",2024,289.296765,270.29114,"VNM",NA,NA,NA,NA,0,0
"Wallis and Futuna",2013,2.261468,0,"WLF",NA,NA,NA,NA,0,0
"Wallis and Futuna",2018,0.081894,0.355557,"WLF",NA,NA,NA,NA,0,0
"Wallis and Futuna",2019,0,0.904043,"WLF",NA,NA,NA,NA,0,0
"Wallis and Futuna",2020,1.590196,1.666481,"WLF",NA,NA,NA,NA,0,0
"Wallis and Futuna",2021,0.060914,0.129348,"WLF",NA,NA,NA,NA,0,0
"Wallis and Futuna",2022,1.493594,2.011078,"WLF",NA,NA,NA,NA,0,0
"Wallis and Futuna",2023,1.835898,1.836065,"WLF",NA,NA,NA,NA,0,0
"Wallis and Futuna",2024,0.01452,0.059783,"WLF",NA,NA,NA,NA,0,0
"West Bank and Gaza Strip",2010,42.154102,8.664035,"PSE","November 11, 2016","English","",2016-11-11,2016,0
"West Bank and Gaza Strip",2011,67.006673,39.057335,"PSE","November 11, 2016","English","",2016-11-11,2016,0
"West Bank and Gaza Strip",2012,140.851613,44.410403,"PSE","November 11, 2016","English","",2016-11-11,2016,0
"West Bank and Gaza Strip",2013,188.592275,68.742264,"PSE","November 11, 2016","English","",2016-11-11,2016,0
"West Bank and Gaza Strip",2014,120.157079,98.589812,"PSE","November 11, 2016","English","",2016-11-11,2016,0
"West Bank and Gaza Strip",2015,124.98585,87.337403,"PSE","November 11, 2016","English","",2016-11-11,2016,0
"West Bank and Gaza Strip",2016,135.241669,114.195522,"PSE","November 11, 2016","English","",2016-11-11,2016,1
"West Bank and Gaza Strip",2017,180.274862,82.810386,"PSE","November 11, 2016","English","",2016-11-11,2016,1
"West Bank and Gaza Strip",2018,111.365904,127.84234,"PSE","November 11, 2016","English","",2016-11-11,2016,1
"West Bank and Gaza Strip",2019,226.919849,165.921221,"PSE","November 11, 2016","English","",2016-11-11,2016,1
"West Bank and Gaza Strip",2020,216.030758,135.740602,"PSE","November 11, 2016","English","",2016-11-11,2016,1
"West Bank and Gaza Strip",2021,126.378921,104.703412,"PSE","November 11, 2016","English","",2016-11-11,2016,1
"West Bank and Gaza Strip",2022,237.145267,129.156827,"PSE","November 11, 2016","English","",2016-11-11,2016,1
"West Bank and Gaza Strip",2023,162.979772,142.007661,"PSE","November 11, 2016","English","",2016-11-11,2016,1
"West Bank and Gaza Strip",2024,201.52658,152.179578,"PSE","November 11, 2016","English","",2016-11-11,2016,1
"Yemen",2009,130.169089,0,"YEM",NA,NA,NA,NA,0,0
"Yemen",2010,12.719175,3.884843,"YEM",NA,NA,NA,NA,0,0
"Yemen",2011,44.857137,17.938386,"YEM",NA,NA,NA,NA,0,0
"Yemen",2012,18.194014,15.455151,"YEM",NA,NA,NA,NA,0,0
"Yemen",2013,69.842201,44.426616,"YEM",NA,NA,NA,NA,0,0
"Yemen",2014,27.563424,30.367453,"YEM",NA,NA,NA,NA,0,0
"Yemen",2015,9.030692,23.362585,"YEM",NA,NA,NA,NA,0,0
"Yemen",2016,14.53863,32.097027,"YEM",NA,NA,NA,NA,0,0
"Yemen",2017,12.813584,50.583314,"YEM",NA,NA,NA,NA,0,0
"Yemen",2018,16.281498,25.926283,"YEM",NA,NA,NA,NA,0,0
"Yemen",2019,60.250554,48.518776,"YEM",NA,NA,NA,NA,0,0
"Yemen",2020,84.693547,81.050616,"YEM",NA,NA,NA,NA,0,0
"Yemen",2021,90.276902,43.841751,"YEM",NA,NA,NA,NA,0,0
"Yemen",2022,115.138508,81.234767,"YEM",NA,NA,NA,NA,0,0
"Yemen",2023,195.729615,157.283707,"YEM",NA,NA,NA,NA,0,0
"Yemen",2024,182.951429,237.027065,"YEM",NA,NA,NA,NA,0,0
"Zambia",2010,20.50236,19.429948,"ZMB","November 11, 2023","English","",2023-11-11,2023,0
"Zambia",2011,92.000166,47.217852,"ZMB","November 11, 2023","English","",2023-11-11,2023,0
"Zambia",2012,113.8003,63.653295,"ZMB","November 11, 2023","English","",2023-11-11,2023,0
"Zambia",2013,137.864572,81.312781,"ZMB","November 11, 2023","English","",2023-11-11,2023,0
"Zambia",2014,103.166772,66.923443,"ZMB","November 11, 2023","English","",2023-11-11,2023,0
"Zambia",2015,86.410505,80.197129,"ZMB","November 11, 2023","English","",2023-11-11,2023,0
"Zambia",2016,84.924019,96.783659,"ZMB","November 11, 2023","English","",2023-11-11,2023,0
"Zambia",2017,130.810498,113.651441,"ZMB","November 11, 2023","English","",2023-11-11,2023,0
"Zambia",2018,240.575472,87.011675,"ZMB","November 11, 2023","English","",2023-11-11,2023,0
"Zambia",2019,93.070404,126.935578,"ZMB","November 11, 2023","English","",2023-11-11,2023,0
"Zambia",2020,93.419356,111.835853,"ZMB","November 11, 2023","English","",2023-11-11,2023,0
"Zambia",2021,50.295783,78.824048,"ZMB","November 11, 2023","English","",2023-11-11,2023,0
"Zambia",2022,351.689878,155.132053,"ZMB","November 11, 2023","English","",2023-11-11,2023,0
"Zambia",2023,359.712908,199.842142,"ZMB","November 11, 2023","English","",2023-11-11,2023,1
"Zambia",2024,401.017485,379.828198,"ZMB","November 11, 2023","English","",2023-11-11,2023,1
"Zimbabwe",2010,21.098298,46.084133,"ZWE","October 25, 2024","English","",2024-10-25,2024,0
"Zimbabwe",2011,33.197794,46.318694,"ZWE","October 25, 2024","English","",2024-10-25,2024,0
"Zimbabwe",2012,19.908295,40.861054,"ZWE","October 25, 2024","English","",2024-10-25,2024,0
"Zimbabwe",2013,16.807558,38.781368,"ZWE","October 25, 2024","English","",2024-10-25,2024,0
"Zimbabwe",2014,26.697556,25.535625,"ZWE","October 25, 2024","English","",2024-10-25,2024,0
"Zimbabwe",2015,123.757637,52.789749,"ZWE","October 25, 2024","English","",2024-10-25,2024,0
"Zimbabwe",2016,67.082795,46.38326,"ZWE","October 25, 2024","English","",2024-10-25,2024,0
"Zimbabwe",2017,45.93713,53.421265,"ZWE","October 25, 2024","English","",2024-10-25,2024,0
"Zimbabwe",2018,31.992342,54.274747,"ZWE","October 25, 2024","English","",2024-10-25,2024,0
"Zimbabwe",2019,108.173223,101.897959,"ZWE","October 25, 2024","English","",2024-10-25,2024,0
"Zimbabwe",2020,72.564212,112.431574,"ZWE","October 25, 2024","English","",2024-10-25,2024,0
"Zimbabwe",2021,48.667988,75.921234,"ZWE","October 25, 2024","English","",2024-10-25,2024,0
"Zimbabwe",2022,136.373287,131.812506,"ZWE","October 25, 2024","English","",2024-10-25,2024,0
"Zimbabwe",2023,127.014166,128.91213,"ZWE","October 25, 2024","English","",2024-10-25,2024,0
"Zimbabwe",2024,227.400442,171.314916,"ZWE","October 25, 2024","English","",2024-10-25,2024,1
